Platform,Product,Seller,Price,URL
IndiaMart,Grey (Base) Nubia Z70 Ultra Dual Sim 5G Black 16GB 512GB,seller,"₹ 1,09,000/Piece",https://dir.indiamart.comhttps://www.indiamart.com/proddetail/nubia-z70-ultra-dual-sim-5g-black-16gb-512gb-19623943755.html?pos=1&kwd=mobile&tags=rk:B|plc:1|dt:0|db:01|prc:1|dtp:p||sv:M|rsf:gd|prv:109000|ri:M_B_0_P|em:0-|-res:RC3|ktp:N0|stype:attr=1|mtp:G|wc:1|lcf:3|cq:chennai|qr_nm:gl-gd|cs:18471|com-cf:nl|ptrs:na|mc:5190|cat:750|qry_typ:P|lang:en|tyr:1|qrd:251122|mrd:251024|prdt:251126|msf:ls|pfen:1|gli:U0G0I0|gc:Chennai|ic:Chennai|scw:1|lf:3|emt:8|v=4|r=3
IndiaMart,Black Freedom 5,seller,N/A,https://dir.indiamart.comhttps://www.indiamart.com/proddetail/freedom-5-2855324071933.html?pos=2&kwd=mobile&tags=rk:B|plc:1|dt:0|db:01||dtp:p||sv:VGP|rsf:gd||ri:VGP_B_0_P|em:0-|-res:RC3|ktp:N0|stype:attr=1|mtp:G|wc:1|lcf:3|cq:chennai|qr_nm:gl-gd|cs:18471|com-cf:nl|ptrs:na|mc:5190|cat:750|qry_typ:P|lang:en|tyr:1|qrd:251122|mrd:251024|prdt:251126|msf:ls|pfen:1|gli:U0G0I0|gc:Chennai|ic:Chennai|scw:1|lf:3|emt:8|v=4|r=3
IndiaMart,Blue CellecoreMobile,seller,N/A,https://dir.indiamart.comhttps://www.indiamart.com/proddetail/cellecore-mobile-23035935497.html?pos=3&kwd=mobile&tags=rk:C|plc:1|dt:0|db:01||dtp:p||sv:VGP|rsf:gd||ri:VGP_C_0_P|em:1-|-res:RC3|ktp:N0|stype:attr=1|mtp:G|wc:1|lcf:3|cq:chennai|qr_nm:gl-gd|cs:18471|com-cf:nl|ptrs:na|mc:5190|cat:750|qry_typ:P|lang:en|tyr:1|qrd:251122|mrd:251024|prdt:251126|msf:ls|pfen:1|gli:U0G0I0|gc:Chennai|ic:Chennai|scw:1|lf:3|emt:8|v=4|r=3
IndiaMart,MobilePhone,seller,N/A,https://dir.indiamart.comhttps://www.indiamart.com/proddetail/mobile-phone-7867275112.html?pos=4&kwd=mobile&tags=rk:C|plc:1|dt:0|db:01||dtp:p||sv:VGP|rsf:gd||ri:VGP_C_0_P|em:1-|-res:RC3|ktp:N0|stype:attr=1|mtp:G|wc:1|lcf:3|cq:chennai|qr_nm:gl-gd|cs:18471|com-cf:nl|ptrs:na|mc:5190|cat:750|qry_typ:P|lang:en|tyr:1|qrd:251122|mrd:251024|prdt:251126|msf:ls|pfen:1|gli:U0G0I0|gc:Chennai|ic:Chennai|scw:1|lf:3|emt:8|v=4
IndiaMart,BlackMobilePhones,seller,"₹ 8,000/Piece",https://dir.indiamart.comhttps://www.indiamart.com/proddetail/mobile-phones-2854789206448.html?pos=5&kwd=mobile&tags=rk:C|plc:1|dt:0|db:01|prc:1|dtp:p||sv:VGP|rsf:gd|prv:8000|ri:VGP_C_0_P|em:1-|-res:RC3|ktp:N0|stype:attr=1|mtp:G|wc:1|lcf:3|cq:chennai|qr_nm:gl-gd|cs:18471|com-cf:nl|ptrs:na|mc:5190|cat:750|qry_typ:P|lang:en|tyr:1|qrd:251122|mrd:251024|prdt:251126|msf:ls|pfen:1|gli:U0G0I0|gc:Chennai|ic:Chennai|scw:1|lf:3|emt:8|v=4|r=4
IndiaMart,PT-20Mobile,seller,N/A,https://dir.indiamart.comhttps://www.indiamart.com/proddetail/pt-20-mobile-6495168862.html?pos=6&kwd=mobile&tags=rk:C|plc:1|dt:0|db:01||dtp:p||sv:VGP|rsf:gd||ri:VGP_C_0_P|em:1-|-res:RC3|ktp:N0|stype:attr=1|mtp:G|wc:1|lcf:3|cq:chennai|qr_nm:gl-gd|cs:18471|com-cf:nl|ptrs:na|mc:5190|cat:750|qry_typ:P|lang:en|tyr:1|qrd:251122|mrd:251024|prdt:251126|msf:ls|pfen:1|gli:U0G0I0|gc:Chennai|ic:Chennai|scw:1|lf:3|emt:8|v=4|r=5
IndiaMart,MobilePhones,seller,"₹ 3,000/Piece",https://dir.indiamart.comhttps://www.indiamart.com/proddetail/mobile-phones-2856449337362.html?pos=7&kwd=mobile&tags=rk:A|plc:1|dt:290|db:06|prc:1|dtp:p||sv:T|rsf:gl|prv:3000|ri:T_A_G250_P|em:1-|-res:RC3|ktp:N0|stype:attr=1|mtp:G|wc:1|lcf:3|cq:chennai|qr_nm:gl-gd|cs:18471|com-cf:nl|ptrs:na|mc:5190|cat:750|qry_typ:P|lang:en|tyr:1|qrd:251122|mrd:251024|prdt:251126|msf:ls|pfen:1|gli:U0G0I0|gc:Chennai|ic:Chennai|scw:1|lf:3|emt:8|v=4|r=3
IndiaMart,"RefurbishedMobilePhones, 64 GB",seller,"₹ 3,000/Piece",https://dir.indiamart.comhttps://www.indiamart.com/proddetail/refurbished-mobile-phones-2856465590788.html?pos=8&kwd=mobile&tags=rk:A|plc:1|dt:1493|db:30|prc:1|dtp:p|pfs:1|sv:T|rsf:gl|prv:3000|ri:T_A_G250_P|em:1-|-res:RC3|ktp:N0|stype:attr=1|mtp:G|wc:1|lcf:3|cq:chennai|qr_nm:gl-gd|cs:18471|com-cf:nl|ptrs:na|mc:5190|cat:750|qry_typ:P|lang:en|tyr:1|qrd:251122|mrd:251024|prdt:251126|msf:ls|pfen:1|gli:U0G0I0|gc:Chennai|ic:Chennai|scw:1|lf:3|emt:8|v=4|r=3
IndiaMart,KechaodaMobilePhones,seller,"₹ 1,200/Piece",https://dir.indiamart.comhttps://www.indiamart.com/proddetail/kechaoda-mobile-phones-2857329668530.html?pos=9&kwd=mobile&tags=rk:A|plc:1|dt:1665|db:34|prc:1|dtp:p|pfs:1|sv:M|rsf:gl|prv:1200|ri:M_A_G250_P|em:1-|-res:RC3|ktp:N0|stype:attr=1|mtp:G|wc:1|lcf:3|cq:chennai|qr_nm:gl-gd|cs:18471|com-cf:nl|ptrs:na|mc:5190|cat:750|qry_typ:P|lang:en|tyr:1|qrd:251122|mrd:251024|prdt:251126|msf:ls|pfen:1|gli:U0G0I0|gc:Chennai|ic:Chennai|scw:1|lf:3|emt:8|v=4|r=3
IndiaMart,"Microphone Stand WithMobileHolder, Tabletop",seller,₹ 46/Piece,https://dir.indiamart.comhttps://www.indiamart.com/proddetail/microphone-stand-with-mobile-holder-2849034961673.html?pos=10&kwd=mobile&tags=rk:A|plc:1|dt:1767|db:36|prc:1|dtp:p|pfs:1|sv:T|rsf:gl|prv:46|ri:T_A_G250_P|em:1-|-res:RC3|ktp:N0|stype:attr=1|mtp:G|wc:1|lcf:3|cq:chennai|qr_nm:gl-gd|cs:18471|com-cf:nl|ptrs:na|mc:5190|cat:750|qry_typ:P|lang:en|tyr:1|qrd:251122|mrd:251024|prdt:251126|msf:ls|pfen:1|gli:U0G0I0|gc:Chennai|ic:Chennai|scw:1|lf:3|emt:8|v=4|r=4
Flipkart,"Samsung Galaxy F36 5G (Red, 128 GB)",N/A,"₹15,999",https://www.flipkart.com/samsung-galaxy-f36-5g-red-128-gb/p/itmc11d84aa155ce?pid=MOBHDFVTHDKNNW8Z&lid=LSTMOBHDFVTHDKNNW8Z1DPOGI&marketplace=FLIPKART&q=mobile&store=tyy%2F4io&srno=s_1_1&otracker=search&fm=organic&iid=en_apvcjstwTiqCqmKqdEl222P-Jm7GLXBUPIpHJjZTnMp1YX7rN1HIzfOouQ7RaT031k6_EahoPKv9kGJJJ_kpMw%3D%3D&ppt=None&ppn=None&ssid=84y2khpnrk0000001764153251827&qH=532c28d5412dd75b
Flipkart,"Samsung Galaxy A35 5G (Awesome Iceblue, 256 GB)",N/A,"₹20,499",https://www.flipkart.com/samsung-galaxy-a35-5g-awesome-iceblue-256-gb/p/itmd3af671af1e42?pid=MOBGYT2HYAAHS3ZR&lid=LSTMOBGYT2HYAAHS3ZRNFRJP2&marketplace=FLIPKART&q=mobile&store=tyy%2F4io&srno=s_1_2&otracker=search&fm=organic&iid=en_apvcjstwTiqCqmKqdEl222P-Jm7GLXBUPIpHJjZTnMrMQGU547U99XU6LiTcMQ7Zu1KYHP61eawEyx8cWGu1Cw%3D%3D&ppt=None&ppn=None&ssid=84y2khpnrk0000001764153251827&qH=532c28d5412dd75b
Flipkart,"IQOO Z10X 5G (Titanium, 128 GB)",N/A,"₹14,315",https://www.flipkart.com/iqoo-z10x-5g-titanium-128-gb/p/itmfddcdf7717452?pid=MOBHBGRGMARH9ZGT&lid=LSTMOBHBGRGMARH9ZGTP2FYDW&marketplace=FLIPKART&q=mobile&store=tyy%2F4io&srno=s_1_3&otracker=search&fm=organic&iid=dae00875-2e42-4416-a13b-ccd42a9533b6.MOBHBGRGMARH9ZGT.SEARCH&ppt=None&ppn=None&ssid=84y2khpnrk0000001764153251827&qH=532c28d5412dd75b
Flipkart,"IQOO Z10R 5G (Aquamarine, 128 GB)",N/A,"₹18,758",https://www.flipkart.com/iqoo-z10r-5g-aquamarine-128-gb/p/itm8e9d302f6161e?pid=MOBHEHZHBJRZYH5A&lid=LSTMOBHEHZHBJRZYH5AAFYNU4&marketplace=FLIPKART&q=mobile&store=tyy%2F4io&srno=s_1_4&otracker=search&fm=organic&iid=dae00875-2e42-4416-a13b-ccd42a9533b6.MOBHEHZHBJRZYH5A.SEARCH&ppt=None&ppn=None&ssid=84y2khpnrk0000001764153251827&qH=532c28d5412dd75b
Flipkart,"Google Pixel 9A (Porcelain, 256 GB)",N/A,"₹44,999",https://www.flipkart.com/google-pixel-9a-porcelain-256-gb/p/itmfe749ceddac9a?pid=MOBH9YME35EYPV4K&lid=LSTMOBH9YME35EYPV4K5K7UZW&marketplace=FLIPKART&q=mobile&store=tyy%2F4io&srno=s_1_5&otracker=search&fm=organic&iid=en_apvcjstwTiqCqmKqdEl222P-Jm7GLXBUPIpHJjZTnMo3zev8oWtUTSggDWl7hyDARwXdFieuvU2FrMgHQDrfKEKsf8s6I2Oz2HOgbXTo_9U%3D&ppt=None&ppn=None&ssid=84y2khpnrk0000001764153251827&qH=532c28d5412dd75b
Flipkart,"Samsung Galaxy A35 5G (Awesome Lilac, 128 GB)",N/A,"₹18,499",https://www.flipkart.com/samsung-galaxy-a35-5g-awesome-lilac-128-gb/p/itm5a31476ca6a35?pid=MOBGYT2HDZYASSZG&lid=LSTMOBGYT2HDZYASSZGOUJTDB&marketplace=FLIPKART&q=mobile&store=tyy%2F4io&srno=s_1_6&otracker=search&fm=organic&iid=en_apvcjstwTiqCqmKqdEl222P-Jm7GLXBUPIpHJjZTnMozmDBsFoSKim2pWzaL78z7_D4FiQaa-9niQ1RC17ZE1eo15S0a61Wzzbg3qNOknKY%3D&ppt=None&ppn=None&ssid=84y2khpnrk0000001764153251827&qH=532c28d5412dd75b
Flipkart,"REDMI A3X (Ocean Green, 128 GB)",N/A,"₹6,499",https://www.flipkart.com/redmi-a3x-ocean-green-128-gb/p/itmae02f9f3f765a?pid=MOBH22XZ94F6P6QV&lid=LSTMOBH22XZ94F6P6QVR3JTOK&marketplace=FLIPKART&q=mobile&store=tyy%2F4io&srno=s_1_7&otracker=search&fm=organic&iid=dae00875-2e42-4416-a13b-ccd42a9533b6.MOBH22XZ94F6P6QV.SEARCH&ppt=None&ppn=None&ssid=84y2khpnrk0000001764153251827&qH=532c28d5412dd75b
Flipkart,"IQOO Z10X 5G (Ultramarine, 128 GB)",N/A,"₹14,277",https://www.flipkart.com/iqoo-z10x-5g-ultramarine-128-gb/p/itmfddcdf7717452?pid=MOBHBGRM8G8RCGR5&lid=LSTMOBHBGRM8G8RCGR5M31VKT&marketplace=FLIPKART&q=mobile&store=tyy%2F4io&srno=s_1_8&otracker=search&fm=organic&iid=dae00875-2e42-4416-a13b-ccd42a9533b6.MOBHBGRM8G8RCGR5.SEARCH&ppt=None&ppn=None&ssid=84y2khpnrk0000001764153251827&qH=532c28d5412dd75b
Flipkart,"IQOO Z10 Lite 5G (Titanium Blue, 128 GB)",N/A,"₹10,498",https://www.flipkart.com/iqoo-z10-lite-5g-titanium-blue-128-gb/p/itmb57aad9fe876e?pid=MOBHDGDJNMMPPPMW&lid=LSTMOBHDGDJNMMPPPMWLO6AXR&marketplace=FLIPKART&q=mobile&store=tyy%2F4io&srno=s_1_9&otracker=search&fm=organic&iid=dae00875-2e42-4416-a13b-ccd42a9533b6.MOBHDGDJNMMPPPMW.SEARCH&ppt=None&ppn=None&ssid=84y2khpnrk0000001764153251827&qH=532c28d5412dd75b
Flipkart,"realme P3 Lite 5G Charger in the Box (Midnight Lily, 128 GB)",N/A,"₹9,999",https://www.flipkart.com/realme-p3-lite-5g-charger-box-midnight-lily-128-gb/p/itm07f7cde0148c4?pid=MOBHFNB4TCMGKQ5U&lid=LSTMOBHFNB4TCMGKQ5UWZBLNO&marketplace=FLIPKART&q=mobile&store=tyy%2F4io&srno=s_1_10&otracker=search&fm=organic&iid=dae00875-2e42-4416-a13b-ccd42a9533b6.MOBHFNB4TCMGKQ5U.SEARCH&ppt=None&ppn=None&ssid=84y2khpnrk0000001764153251827&qH=532c28d5412dd75b
Flipkart,"Samsung Galaxy F36 5G (Violet, 128 GB)",N/A,"₹15,999",https://www.flipkart.com/samsung-galaxy-f36-5g-violet-128-gb/p/itm85ca200fd55e9?pid=MOBHDFVTH22ZAZXZ&lid=LSTMOBHDFVTH22ZAZXZMFVJDX&marketplace=FLIPKART&q=mobile&store=tyy%2F4io&srno=s_1_11&otracker=search&fm=organic&iid=en_apvcjstwTiqCqmKqdEl222P-Jm7GLXBUPIpHJjZTnMrnVXjKuBFW8MNvMFyjL4IslPd24trGxkZYU7S6fbGh-Ehz9c-MSIoFe8xMxkfU6dM%3D&ppt=None&ppn=None&ssid=84y2khpnrk0000001764153251827&qH=532c28d5412dd75b
Flipkart,"Google Pixel 9A (Obsidian, 256 GB)",N/A,"₹44,999",https://www.flipkart.com/google-pixel-9a-obsidian-256-gb/p/itmf9d1fcfa566cf?pid=MOBH9YMEQUGCHPHN&lid=LSTMOBH9YMEQUGCHPHNSFHZNA&marketplace=FLIPKART&q=mobile&store=tyy%2F4io&srno=s_1_12&otracker=search&fm=organic&iid=en_apvcjstwTiqCqmKqdEl222P-Jm7GLXBUPIpHJjZTnMrparKQw7V5gHIjJPBIwpurAosOsxGyrysEDBetZgAMEYnfEY2D5bWfIUmTlXs_oiU%3D&ppt=None&ppn=None&ssid=84y2khpnrk0000001764153251827&qH=532c28d5412dd75b
Flipkart,"POCO C71 (Cool Blue, 128 GB)",N/A,"₹6,799",https://www.flipkart.com/poco-c71-cool-blue-128-gb/p/itmfb10bdbf02c6e?pid=MOBHAFVJURDB9QYR&lid=LSTMOBHAFVJURDB9QYRYNBHTJ&marketplace=FLIPKART&q=mobile&store=tyy%2F4io&srno=s_1_13&otracker=search&fm=organic&iid=dae00875-2e42-4416-a13b-ccd42a9533b6.MOBHAFVJURDB9QYR.SEARCH&ppt=None&ppn=None&ssid=84y2khpnrk0000001764153251827&qH=532c28d5412dd75b
Flipkart,"IQOO Z10R 5G (Aquamarine, 256 GB)",N/A,"₹21,707",https://www.flipkart.com/iqoo-z10r-5g-aquamarine-256-gb/p/itm8e9d302f6161e?pid=MOBHEHZHECAUNP3R&lid=LSTMOBHEHZHECAUNP3RCE44VV&marketplace=FLIPKART&q=mobile&store=tyy%2F4io&srno=s_1_14&otracker=search&fm=organic&iid=dae00875-2e42-4416-a13b-ccd42a9533b6.MOBHEHZHECAUNP3R.SEARCH&ppt=None&ppn=None&ssid=84y2khpnrk0000001764153251827&qH=532c28d5412dd75b
Flipkart,"realme C61 (Safari Green, 64 GB)",N/A,"₹6,499",https://www.flipkart.com/realme-c61-safari-green-64-gb/p/itmd6ddbcefce040?pid=MOBHFRKRF6ZHBFTW&lid=LSTMOBHFRKRF6ZHBFTW09ES8B&marketplace=FLIPKART&q=mobile&store=tyy%2F4io&srno=s_1_15&otracker=search&fm=organic&iid=dae00875-2e42-4416-a13b-ccd42a9533b6.MOBHFRKRF6ZHBFTW.SEARCH&ppt=None&ppn=None&ssid=84y2khpnrk0000001764153251827&qH=532c28d5412dd75b
Flipkart,"POCO C71 (Desert Gold, 64 GB)",N/A,"₹6,199",https://www.flipkart.com/poco-c71-desert-gold-64-gb/p/itme3dc58af6a04b?pid=MOBHAFVJZ5CHWMH8&lid=LSTMOBHAFVJZ5CHWMH8MZ5M5D&marketplace=FLIPKART&q=mobile&store=tyy%2F4io&srno=s_1_16&otracker=search&fm=organic&iid=dae00875-2e42-4416-a13b-ccd42a9533b6.MOBHAFVJZ5CHWMH8.SEARCH&ppt=None&ppn=None&ssid=84y2khpnrk0000001764153251827&qH=532c28d5412dd75b
Flipkart,"Samsung Galaxy F36 5G (Black, 256 GB)",N/A,"₹19,499",https://www.flipkart.com/samsung-galaxy-f36-5g-black-256-gb/p/itma2c19580a816d?pid=MOBHDFVTUZD7AKRA&lid=LSTMOBHDFVTUZD7AKRADJWYUS&marketplace=FLIPKART&q=mobile&store=tyy%2F4io&srno=s_1_17&otracker=search&fm=organic&iid=en_apvcjstwTiqCqmKqdEl222P-Jm7GLXBUPIpHJjZTnMp9ue9DVDBzB0RPTjqwr7baaGfjvAbtCz3tg-I1Hgmv1GVkv0XZFiOX7bbXdlao_f8%3D&ppt=None&ppn=None&ssid=84y2khpnrk0000001764153251827&qH=532c28d5412dd75b
Flipkart,"Samsung Galaxy A35 5G (Awesome Iceblue, 128 GB)",N/A,"₹18,499",https://www.flipkart.com/samsung-galaxy-a35-5g-awesome-iceblue-128-gb/p/itm9684d2fe9201e?pid=MOBGYT2HEYWFCG8Q&lid=LSTMOBGYT2HEYWFCG8QGJ3RJ4&marketplace=FLIPKART&q=mobile&store=tyy%2F4io&srno=s_1_18&otracker=search&fm=organic&iid=en_apvcjstwTiqCqmKqdEl222P-Jm7GLXBUPIpHJjZTnMqhj2EsOez94toowT4E4Wtl897SjOcFCOJauLsYoeUEKvcUmN_6PwCReg_VTM4VLxo%3D&ppt=None&ppn=None&ssid=84y2khpnrk0000001764153251827&qH=532c28d5412dd75b
Flipkart,"IQOO Z10X 5G (Ultramarine, 256 GB)",N/A,"₹17,785",https://www.flipkart.com/iqoo-z10x-5g-ultramarine-256-gb/p/itmfddcdf7717452?pid=MOBHBGRZY6FCYTPS&lid=LSTMOBHBGRZY6FCYTPSBESTOJ&marketplace=FLIPKART&q=mobile&store=tyy%2F4io&srno=s_1_19&otracker=search&fm=organic&iid=dae00875-2e42-4416-a13b-ccd42a9533b6.MOBHBGRZY6FCYTPS.SEARCH&ppt=None&ppn=None&ssid=84y2khpnrk0000001764153251827&qH=532c28d5412dd75b
Flipkart,"POCO C71 (Power Black, 128 GB)",N/A,"₹6,799",https://www.flipkart.com/poco-c71-power-black-128-gb/p/itm8096ee52d7013?pid=MOBHAFVJJM8BWNKC&lid=LSTMOBHAFVJJM8BWNKCJY0MRA&marketplace=FLIPKART&q=mobile&store=tyy%2F4io&srno=s_1_20&otracker=search&fm=organic&iid=dae00875-2e42-4416-a13b-ccd42a9533b6.MOBHAFVJJM8BWNKC.SEARCH&ppt=None&ppn=None&ssid=84y2khpnrk0000001764153251827&qH=532c28d5412dd75b
Flipkart,"Samsung Galaxy A35 5G (Awesome Navy, 256 GB)",N/A,"₹20,499",https://www.flipkart.com/samsung-galaxy-a35-5g-awesome-navy-256-gb/p/itm2d2e398127998?pid=MOBGYT2HEEYGMZFH&lid=LSTMOBGYT2HEEYGMZFH3U1TOF&marketplace=FLIPKART&q=mobile&store=tyy%2F4io&srno=s_1_21&otracker=search&fm=organic&iid=en_apvcjstwTiqCqmKqdEl222P-Jm7GLXBUPIpHJjZTnMph8qJGh_IHqtrqhIzvVPrk6SfdgS-7ECX-BULs3G0SWeI7uWi7bi3WLqk6JF-UYDE%3D&ppt=None&ppn=None&ssid=84y2khpnrk0000001764153251827&qH=532c28d5412dd75b
Flipkart,"Samsung Galaxy F36 5G (Black, 128 GB)",N/A,"₹15,999",https://www.flipkart.com/samsung-galaxy-f36-5g-black-128-gb/p/itmd18f56e2be5da?pid=MOBHDFVTWJGWETBG&lid=LSTMOBHDFVTWJGWETBGA6B8WS&marketplace=FLIPKART&q=mobile&store=tyy%2F4io&srno=s_1_22&otracker=search&fm=organic&iid=en_apvcjstwTiqCqmKqdEl222P-Jm7GLXBUPIpHJjZTnMqREJU_4oYJGoh6o5kj_XBl3evfA89QD0bDfZxzrXTFSIE8waCTrWcncKeK_ydPfoM%3D&ppt=None&ppn=None&ssid=84y2khpnrk0000001764153251827&qH=532c28d5412dd75b
Flipkart,"POCO C75 5G (Enchanted Green, 64 GB)",N/A,"₹7,499",https://www.flipkart.com/poco-c75-5g-enchanted-green-64-gb/p/itmf8fdd88f80fcc?pid=MOBH7443VEGWXG4G&lid=LSTMOBH7443VEGWXG4GOW118G&marketplace=FLIPKART&q=mobile&store=tyy%2F4io&srno=s_1_23&otracker=search&fm=organic&iid=dae00875-2e42-4416-a13b-ccd42a9533b6.MOBH7443VEGWXG4G.SEARCH&ppt=None&ppn=None&ssid=84y2khpnrk0000001764153251827&qH=532c28d5412dd75b
Flipkart,"realme C71 (Sea Blue, 128 GB)",N/A,"₹8,699",https://www.flipkart.com/realme-c71-sea-blue-128-gb/p/itm920c5c8761871?pid=MOBHDFVJGDDJ2MAX&lid=LSTMOBHDFVJGDDJ2MAXZWOIKA&marketplace=FLIPKART&q=mobile&store=tyy%2F4io&srno=s_1_24&otracker=search&fm=organic&iid=dae00875-2e42-4416-a13b-ccd42a9533b6.MOBHDFVJGDDJ2MAX.SEARCH&ppt=None&ppn=None&ssid=84y2khpnrk0000001764153251827&qH=532c28d5412dd75b
Trade_India,N/A,seller,MOQ-1Piece/PiecesDesign - BarBody Material - PlasticDisplay Type - IPS,https://www.tradeindia.comhttps://www.tradeindia.com/products/mobile-phones-c10267301.html
Trade_India,N/A,seller,"Price:70000 INR (Approx.)/PieceMOQ-200Piece/PiecesScreen - OLED screenDisplay Color - Other, Super Retina XDR displayOperating System - iOS 16",https://www.tradeindia.comhttps://www.tradeindia.com/products/iphone-14-128gb-c8561458.html
Trade_India,N/A,seller,Price:9800 INR (Approx.)/UnitMOQ-1Unit/UnitsColor - BlackDisplay Color - ColorDesign - Bar,https://www.tradeindia.comhttps://www.tradeindia.com/products/13-motorola-4-128-mobile-phone-c8530268.html
Trade_India,Industrial Mobile 180k-tbg - Color: White,seller,MOQ - 1Piece/Pieces,https://www.tradeindia.comhttps://www.tradeindia.com/products/industrial-mobile-180k-tbg-c9715790.html
Trade_India,Automatic Honeywell Durable Mobile Receipt Printer Apex,seller,44000 INR (Approx.)MOQ - 1Piece/Pieces,https://www.tradeindia.comhttps://www.tradeindia.com/products/honeywell-durable-mobile-receipt-printer-apex-c4157705.html
Trade_India,Mobile Tool Trolley - Color: Orange,seller,2300 INR (Approx.)MOQ - 1Piece/Pieces,https://www.tradeindia.comhttps://www.tradeindia.com/products/mobile-tool-trolley-c11202724.html
Trade_India,Mobile Concrete Batching Plant By Hardic Engineering,seller,3200000 INR (Approx.)MOQ - 01Unit/Units,https://www.tradeindia.comhttps://www.tradeindia.com/products/mobile-concrete-bactching-plant-c8896748.html
Trade_India,Mobile Dock Leveler Length: 2.5 To 5  Meter (M),seller,250000.00 INR (Approx.)MOQ - 1Unit/Units,https://www.tradeindia.comhttps://www.tradeindia.com/products/mobile-dock-leveler-c6972043.html
Trade_India,Nx 360 Mobile Cranes - Application: Outdoor Yard,seller,MOQ - 1Unit/Units,https://www.tradeindia.comhttps://www.tradeindia.com/products/nx-360-mobile-cranes-c5523448.html
Trade_India,Lime Stone Crusher - Color: Grey,seller,1500000 INR (Approx.)MOQ - 1Unit/Units,https://www.tradeindia.comhttps://www.tradeindia.com/products/lime-stone-crusher-c2724825.html
Trade_India,Semi-automatic Mobile Bitumen Emulsion Sprayer,seller,475000 INR (Approx.)MOQ - 1Unit/Units,https://www.tradeindia.comhttps://www.tradeindia.com/products/mobile-bitumen-emulsion-sprayer-c1631245.html
Trade_India,Siemens Simatic Mobile Panel - Application: Automation,seller,28000 INR (Approx.)MOQ - 1Piece/Pieces,https://www.tradeindia.comhttps://www.tradeindia.com/products/siemens-simatic-mobile-panel-c7055205.html
Trade_India,Mobile Rack Application: Storage,seller,4995.0 INR (Approx.)MOQ - 10Number,https://www.tradeindia.comhttps://www.tradeindia.com/products/mobile-rack-c8419048.html
Trade_India,Mobile Shrinking,seller,18Years,https://www.tradeindia.comhttps://www.tradeindia.com/products/mobile-shrinking-c3552616.html
Trade_India,"Portable Toilets - Uv-resistant Polyethylene & Galvanized Steel | 1100mm X 1100mm X 2300mm, Interlocking Panels, Manual Swing Door, 250 Kg/sq.m Load Capacity",seller,100000 INR (Approx.)MOQ - 1Container/Containers,https://www.tradeindia.comhttps://www.tradeindia.com/products/portable-toilets-c998745.html
Trade_India,Mobile Fume Extractor - Color: Blue,seller,30000.00 INR (Approx.)MOQ - 1Unit/Units,https://www.tradeindia.comhttps://www.tradeindia.com/products/mobile-fume-extractor-c7463697.html
Trade_India,Mobile Helifan(hvls Fan) - Material: Aluminum,seller,169990 INR (Approx.)MOQ - 1Piece/Pieces,https://www.tradeindia.comhttps://www.tradeindia.com/products/mobile-helifan-hvls-fan-c9962727.html
Trade_India,"Mobil Oil Cap - Plastic Material , Multicolor Design For Versatile Bottle Usage",seller,1 INR (Approx.)MOQ - 30000Piece/Pieces,https://www.tradeindia.comhttps://www.tradeindia.com/products/mobil-oil-cap-c7609694.html
Trade_India,Gantry Crane - Application: Construction,seller,500000 INR (Approx.)MOQ - 1Set/Sets,https://www.tradeindia.comhttps://www.tradeindia.com/products/gantry-crane-c461264.html
Trade_India,Mobile Concrete Mixer,seller,1Years,https://www.tradeindia.comhttps://www.tradeindia.com/products/mobile-concrete-mixer-c802916.html
Trade_India,Mobile Drum Tandoor,seller,17Years,https://www.tradeindia.comhttps://www.tradeindia.com/products/mobile-drum-tandoor-464703.html
Trade_India,Mobile Assembly Table Kitchen Furniture,seller,15000 INR (Approx.)MOQ - 1Set/Sets,https://www.tradeindia.comhttps://www.tradeindia.com/products/mobile-assembly-table-c5412819.html
Trade_India,Mobile Storage Compactors - Application: Industrial / Office Use,seller,11000 INR (Approx.)MOQ - 500Unit/Units,https://www.tradeindia.comhttps://www.tradeindia.com/products/mobile-storage-compactors-c4863795.html
Trade_India,Marut Mobile Fan - Color: Gray,seller,120000 INR (Approx.)MOQ - 1Unit/Units,https://www.tradeindia.comhttps://www.tradeindia.com/products/marut-mobile-fan-c9715231.html
Trade_India,"Mobile Concrete Mixer - Steel Body, Tractor-mounted, Yellow | Manual Control, Rotational Mixing, Mobile Concrete Mixing System",seller,850000 INR (Approx.)MOQ - 1Number,https://www.tradeindia.comhttps://www.tradeindia.com/products/mobile-concrete-mixer-c10108105.html
Trade_India,Yellow Hydraulic Mobile Floor Crane,seller,55000 INR (Approx.)MOQ - 1Unit/Units,https://www.tradeindia.comhttps://www.tradeindia.com/products/hydraulic-mobile-floor-crane-c9566246.html
Trade_India,Mobile Office,seller,1Years,https://www.tradeindia.comhttps://www.tradeindia.com/products/mobile-office-c11009576.html
Trade_India,Esd Work Station - Color: White,seller,24999 INR (Approx.)MOQ - 1Piece/Pieces,https://www.tradeindia.comhttps://www.tradeindia.com/products/esd-work-station-c9933748.html
Trade_India,Lenovo Thinkpad Gen Mobile Workstation Laptop - Available Color: Different Available,seller,MOQ - 10Unit/Units,https://www.tradeindia.comhttps://www.tradeindia.com/products/lenovo-thinkpad-gen-mobile-workstation-laptop-c10173725.html
Trade_India,Commercial Portable Mobile Toilet,seller,6Years,https://www.tradeindia.comhttps://www.tradeindia.com/products/commercial-portable-mobile-toilet-c4840382.html
Trade_India,"Mobile Foam Unit - Steel, 5 Liters Capacity, Red Color | Discharge Range 4-6 Meters, 2.5 Kg Weight, Ul Listed For Class A, B, C Fire Extinguishing",seller,56000 INR (Approx.)MOQ - 3Unit/Units,https://www.tradeindia.comhttps://www.tradeindia.com/products/mobile-foam-unit-c8744961.html
