product_name,retail_price,discounted_price,overall_rating,category
Ladela Bellies,1724.0,950.0,5.0,Footwear
"Camerii WM64 Elegance Analog Watch  - For Men, Boys",1099.0,449.0,5.0,Watches
"Colat COLAT_MW20 Sheen Analog Watch  - For Men, Women, Boys, Girls",3999.0,849.0,5.0,Watches
"Rorlig RR-028 Expedition Analog Watch  - For Men, Boys",1099.0,399.0,5.0,Watches
Lyc White Casual Boots,1199.0,899.0,5.0,Footwear
"Kool Kidz DMK-012-QU02 Analog Watch  - For Girls, Boys",375.0,263.0,5.0,Watches
"Kool Kidz DMK-003-YL 03 Analog Watch  - For Girls, Boys",475.0,333.0,4.0,Watches
"Colat COLAT_M08 Roman Numerals Analog Watch  - For Men, Boys",4999.0,1049.0,5.0,Watches
"Srushti Art Jewelry Megnet_Led_Sport_BlackRed1 Digital Watch  - For Men, Women, Boys, Girls",799.0,200.0,5.0,Watches
"Q&Q LLA2-213 Digital Watch  - For Boys, Girls",645.0,645.0,5.0,Watches
"Hala Red In Black trendy digital Digital Watch  - For Boys, Girls, Men",399.0,159.0,5.0,Watches
"Felix 3541 W-S METAL Analog Watch  - For Boys, Girls",1350.0,555.0,5.0,Watches
Steppings Trendy Boots,1799.0,719.0,4.0,Footwear
"Jack Klein Goldjack Analog Watch  - For Boys, Men",1999.0,262.0,5.0,Watches
"3wish CUR-BLUE Silver Blue 8023 Analog Watch  - For Boys, Men",2999.0,995.0,5.0,Watches
"Elantra S 10 Analog Watch  - For Boys, Men",2150.0,950.0,4.5,Watches
"Marvel DW100243 Digital Watch  - For Boys, Girls",299.0,299.0,4.0,Watches
Steppings Trendy Boots,2199.0,1099.0,4.0,Footwear
"Zoop C4040PP03 Digital Watch  - For Boys, Girls",750.0,750.0,4.5,Watches
"Zoop C3030PP05 Analog Watch  - For Boys, Girls",650.0,650.0,4.8,Watches
Pure Source Psi-As-Hanggnrlx Relaxing Liquid Air Freshener,1250.0,375.0,5.0,Home Decor & Festive Needs
The Cranberry Club Girl's Gathered Dress,1299.0,999.0,5.0,Clothing
Hichkii Casual Cape Sleeve Embroidered Women's Top,799.0,499.0,4.5,Clothing
TeeMoods Casual Full Sleeve Striped Women's Top,999.0,899.0,4.0,Clothing
Ditu&Kritu Warrior Aviator Sunglasses,999.0,399.0,4.7,"Sunglasses""]"
BownBee Girl's Gathered Dress,999.0,799.0,5.0,Clothing
Fundoo T Full Sleeve Solid Men's Sweatshirt,1998.0,749.0,5.0,Clothing
Herberto Girl's A-line Dress,1599.0,649.0,4.0,Clothing
Bells And Whistles Striped Round Neck Boy's Sweater,1099.0,659.0,5.0,Clothing
Stilestreet Casual Short Sleeve Solid Women's Top,699.0,449.0,4.0,Clothing
Anaya Women Heels,1699.0,699.0,4.8,Footwear
Beebay Girl's A-line Dress,895.0,399.0,4.0,Clothing
"Imported Banknote Tester, ball pen Permanent Alcohol Dye Base Marker",800.0,280.0,5.0,Pens & Stationery
INDIANO Loafers,1199.0,649.0,5.0,Footwear
Prime Printed 6 Seater Table Cover,1800.0,849.0,5.0,Home Furnishing
Prime Printed 8 Seater Table Cover,2000.0,899.0,5.0,Home Furnishing
Speedo Men's Swimsuit,699.0,699.0,4.0,Clothing
Spangel Fashion Audi Style Alloy Mangalsutra,1599.0,549.0,5.0,Jewellery
knp enterprise Audi Style Alloy Mangalsutra,1599.0,549.0,5.0,Jewellery
Asst Full Sleeve Solid Women's Jacket,2299.0,1099.0,4.3,Clothing
Purys Full Sleeve Solid Women's Fleece Jacket,999.0,699.0,4.0,Clothing
Sports 52 Wear Men's Cargos,2495.0,999.0,5.0,Clothing
Elfani Brilliance Lip Color 127 Brick Red 3.5 g,255.0,180.0,5.0,Beauty and Personal Care
Perfect Women's Leggings,998.0,598.0,5.0,Clothing
Florentyne Padded Push-up Bra Women's Push-up Bra,850.0,399.0,5.0,Clothing
Luxemburg Bandaeu Women's Tube Bra,999.0,349.0,4.0,Clothing
Laceandme Super Comfort Bandeau Women's Tube Bra,450.0,140.0,4.0,Clothing
Ladyland Mybra Women's Full Coverage Bra,899.0,369.0,5.0,Clothing
Ladyland Dia Beige Women's Full Coverage Bra,1499.0,529.0,5.0,Clothing
Vivity Women's Full Coverage Bra,1000.0,299.0,4.0,Clothing
Ladyland Daisy Pink Women's Full Coverage Bra,729.0,319.0,5.0,Clothing
Ladyland Liz Black Bra Women's Full Coverage Bra,1599.0,539.0,5.0,Clothing
Ladyland Stellah Women's Full Coverage Bra,899.0,349.0,5.0,Clothing
Urbaano Women's Full Coverage Bra,390.0,189.0,5.0,Clothing
Ladyland Life Women's Full Coverage Bra,849.0,349.0,5.0,Clothing
Tia by Ten on Ten Fashion Women's Push-up Bra,1199.0,259.0,5.0,Clothing
Grafion Comfortable Women's Full Coverage Bra,499.0,129.0,5.0,Clothing
Vaishna Fashion Women's Full Coverage Bra,230.0,99.0,5.0,Clothing
Urbaano Women's Full Coverage Bra,600.0,270.0,5.0,Clothing
Florentyne Women's Full Coverage Bra,850.0,399.0,5.0,Clothing
JSR Paris Beauty Pro Women's Full Coverage Bra,499.0,214.0,5.0,Clothing
Triumph Form & Beauty 30 W Women's Bra,899.0,899.0,5.0,Clothing
Vivity Women's Plunge Bra,1000.0,299.0,5.0,Clothing
Hemali Pink Women's T-Shirt Bra,1800.0,550.0,4.0,Clothing
Vaishna Fashion Women's Full Coverage Bra,630.0,259.0,5.0,Clothing
Ladyland Comfy Beige Women's Full Coverage Bra,749.0,279.0,5.0,Clothing
Luxemburg Strapless Bandaeu Women's Tube Bra,799.0,299.0,5.0,Clothing
Ladyland Jenifer Women's Full Coverage Bra,799.0,349.0,5.0,Clothing
Ladyland Daisy Purple Women's Full Coverage Bra,729.0,249.0,5.0,Clothing
S4S Comfortable Women's Full Coverage Bra,499.0,122.0,5.0,Clothing
Luxemburg Bandaeu Women's Tube Bra,1299.0,499.0,4.0,Clothing
Luxemburg Women's Tube Bra,649.0,249.0,5.0,Clothing
Vivity Women's Plunge Bra,1000.0,299.0,4.0,Clothing
Ladyland Cozy White Women's Full Coverage Bra,799.0,349.0,5.0,Clothing
Tia by Ten on Ten Fashion Women's Push-up Bra,1199.0,270.0,5.0,Clothing
SK Dreams Fashion Women's Full Coverage Bra,799.0,333.0,5.0,Clothing
Q-rious Dzire Women's Full Coverage Bra,309.0,125.0,5.0,Clothing
Wolfie LaceRed117 Women's Push-up Bra,1099.0,320.0,5.0,Clothing
Younky Women's Sports Bra,999.0,199.0,4.0,Clothing
Wolfie Neonbrapeach101 Women's Push-up Bra,999.0,320.0,5.0,Clothing
Younky Non_Padded Women's Full Coverage Bra,999.0,349.0,4.0,Clothing
Tia by Ten on Ten Velvetina Women's Push-up Bra,1199.0,500.0,5.0,Clothing
Urbaano Bridal Bra Pack Women's Full Coverage Bra,1140.0,489.0,5.0,Clothing
Ladyland Liz Women's Full Coverage Bra,799.0,339.0,5.0,Clothing
Urbaano Women's Full Coverage Bra,900.0,399.0,5.0,Clothing
PrettySecrets Fashion Women's Push-up Bra,899.0,809.0,5.0,Clothing
Hemali Green Women's T-Shirt Bra,1200.0,399.0,4.0,Clothing
Nutex by Insaler Women's Full Coverage Bra,650.0,299.0,5.0,Clothing
Magiq Nice Merry Women's Push-up Bra,280.0,120.0,5.0,Clothing
Ladyland Dia Women's Full Coverage Bra,749.0,299.0,5.0,Clothing
Wolfie Polkadotturqoise105 Women's Push-up Bra,999.0,320.0,5.0,Clothing
Wolfie RibbonMaroon118 Women's Push-up Bra,1099.0,320.0,5.0,Clothing
Ladyland BOBBY Women's Full Coverage Bra,749.0,299.0,5.0,Clothing
Wolfie Neonbrablue103 Women's Push-up Bra,999.0,320.0,5.0,Clothing
Wolfie Designred110 Women's Push-up Bra,999.0,320.0,5.0,Clothing
Wolfie Neonbrapink102 Women's Push-up Bra,999.0,320.0,5.0,Clothing
Status Women's Minimizer Bra,500.0,225.0,4.0,Clothing
Floozy Its My Choice Women's Push-up Bra,1299.0,279.0,5.0,Clothing
Wolfie Pro Women's Push-up Bra,999.0,320.0,5.0,Clothing
Garfield Casual Short Sleeve Printed Women's Top,549.0,219.0,5.0,Clothing
Fashion205 Casual 3/4 Sleeve Printed Women's Top,1050.0,420.0,4.0,Clothing
Harpa Casual Sleeveless Solid Women's Top,999.0,399.0,5.0,Clothing
SB RETAILS SB02 Flash,999.0,249.0,5.0,Cameras & Accessories
Sport Silicone Red Swimming Cap,499.0,250.0,5.0,Sports & Fitness
Hitway Lace Up,499.0,449.0,4.0,Footwear
Bond Beatz Zipper With Excellent Sound Wired Headset,2499.0,210.0,5.0,Mobiles & Accessories
Xerobic 75 cm Gym Ball,1349.0,719.0,5.0,Sports & Fitness
Xerobic 85 cm Gym Ball,1499.0,809.0,5.0,Sports & Fitness
ShopMantra Che Guevara Revolution 2015 Desk Calendar,1195.0,495.0,4.0,Pens & Stationery
Passion By Pragya Women's Maxi Dress,1859.0,829.0,5.0,Clothing
Infiniti Red Loafers,1398.0,499.0,4.0,Footwear
Posh Women's Layered Dress,998.0,998.0,5.0,Clothing
TEN Smart Reds Loafers,1199.0,399.0,4.0,Footwear
Funku Fashion Loafers,699.0,399.0,5.0,Footwear
La Briza Vegas Loafers,1599.0,800.0,4.5,Footwear
Roha Collections Womens Loafers,1299.0,599.0,5.0,Footwear
Funku Fashion Loafers,799.0,499.0,5.0,Footwear
Danilo Official Arsenal FC 2015 Wall Calendar,449.0,199.0,4.3,Pens & Stationery
Prithish Ur'E The Best Dad Ever Double Colour Ceramic Mug,599.0,225.0,5.0,Kitchen & Dining
"Prithish Crazy World, Gotta Smile Ceramic Mug",499.0,175.0,5.0,Kitchen & Dining
Prithish Super Hero Without Cape Ceramic Mug,599.0,225.0,5.0,Kitchen & Dining
Prithish Gemini Black Ceramic Mug,699.0,275.0,5.0,Kitchen & Dining
Prithish Aries Double Color Ceramic Mug,599.0,225.0,5.0,Kitchen & Dining
Prithish Oh Crap ! She's Up Ceramic Mug,499.0,175.0,5.0,Kitchen & Dining
Prithish This Princess Is Guarded Ceramic Mug,599.0,225.0,5.0,Kitchen & Dining
Prithish Aries Black Ceramic Mug,699.0,275.0,5.0,Kitchen & Dining
Prithish Happy Birthday Ceramic Mug,499.0,175.0,5.0,Kitchen & Dining
Prithish Man Will Fix It Ceramic Mug,499.0,175.0,4.0,Kitchen & Dining
Prithish Leo Black Ceramic Mug,699.0,275.0,5.0,Kitchen & Dining
Prithish Independence Day Design 9 Double Color Ceramic Mug,599.0,225.0,5.0,Kitchen & Dining
Prithish I'm A Mom. What'S Your Superpower? Red with Blue Bubbles Double Coloured Ceramic Mug,599.0,225.0,5.0,Kitchen & Dining
Prithish I'm A Mom. What'S Your Superpower? Multicoloured Bubbles Black Ceramic Mug,699.0,299.0,5.0,Kitchen & Dining
Prithish You're The One Double Color Ceramic Mug,599.0,225.0,5.0,Kitchen & Dining
Prithish Magis is Believing in Yourself Double Color Ceramic Mug,599.0,225.0,5.0,Kitchen & Dining
Prithish Pschedelic Collection 1 Ceramic Mug,599.0,225.0,5.0,Kitchen & Dining
Prithish Virgo Ceramic Mug,499.0,175.0,5.0,Kitchen & Dining
"Prithish I Love Dad, Father's Day Ceramic Mug",499.0,175.0,5.0,Kitchen & Dining
Prithish Forever in Love with You Ceramic Mug,499.0,175.0,5.0,Kitchen & Dining
Filtre Roto-pizza Wheel Pizza Cutter,399.0,289.0,4.0,Kitchen & Dining
3a Autocare Rubber Mat Car Mat Suzuki New Swift,1259.0,474.0,4.0,Automotive
Purpledip Showpiece  -  12 cm,1250.0,638.0,4.5,Home Decor & Festive Needs
"Voylla Metal, Alloy Necklace",379.0,189.0,5.0,Jewellery
Voylla Precious Simplicity Plain Sterling Silver Chain,599.0,309.0,4.0,Jewellery
"Vinnis Pretty Please Metal, Acrylic, Alloy Necklace",499.0,325.0,5.0,Jewellery
Apex Rolling Pizza Cutter,199.0,69.0,4.0,Kitchen & Dining
Womens Trendz Half Jhaler Panadi Thushi Crystal Yellow Gold Plated Alloy Necklace,1980.0,470.0,5.0,Jewellery
Jhondeal.com Wheel Pizza Cutter,199.0,149.0,4.0,Kitchen & Dining
"Village Handicrafts Aluminum, Ceramic Necklace",315.0,315.0,5.0,Jewellery
"Vinnis Alloy, Acrylic Necklace",399.0,299.0,4.7,Jewellery
Zakaah Jewels Sterling Silver Plated Stone Necklace,999.0,499.0,5.0,Jewellery
"Vinnis Pretty Please Metal, Acrylic, Alloy Necklace",499.0,245.0,5.0,Jewellery
Hommate Wheel Pizza Cutter,499.0,299.0,5.0,Kitchen & Dining
Aeoss Portable Car Air Vent Mount For Mobiles Phones Black,499.0,224.0,4.0,Automotive
"Voylla Metal, Alloy Necklace",490.0,400.0,5.0,Jewellery
Ndura Tawa 28 cm diameter,795.0,469.0,4.0,Kitchen & Dining
Tosiba Kadhai 500 ML,500.0,310.0,5.0,Kitchen & Dining
Gear X Sports Mount 2,1299.0,950.0,4.1,Automotive
Ambitione Car Holder,599.0,175.0,5.0,Automotive
Sygtech Windshield Car Cradle Mount Phone Holder For Samsung S5,599.0,399.0,4.3,Automotive
Trinketbag Red Tie Alloy Necklace,499.0,349.0,5.0,Jewellery
CookAid Stainless Steel with Lid Kadhai 1.2 L,759.0,759.0,5.0,Kitchen & Dining
Aeoss Bike Phone Support Mobile holder,499.0,324.0,4.6,Automotive
Leo Natura Paniarakkal 7 Hole Kadhai NA L,780.0,649.0,5.0,Kitchen & Dining
Peach 3mm Premium Green Pan Kadhai 2.5 L,999.0,399.0,5.0,Kitchen & Dining
Chefkraft Tri Ply Kadhai 3.2 L,1245.0,934.0,5.0,Kitchen & Dining
Pigeon Triply Kadhai 2 L,895.0,625.0,4.0,Kitchen & Dining
Jaipan KD2.5 Kadhai 2.5 L,690.0,499.0,4.3,Kitchen & Dining
Village Handicrafts Alloy Necklace,378.0,378.0,4.2,Jewellery
United Kadhai NA L,1525.0,999.0,5.0,Kitchen & Dining
VR Designers Glass Necklace,700.0,190.0,4.0,Jewellery
PurpleYou Cotton Embroidered Blouse Material,1418.0,1099.0,5.0,Clothing
Total Agency Car Mobile Stand Holder Mount,499.0,249.0,5.0,Automotive
"Vinnis Style Diva Metal, Acrylic, Alloy Necklace",699.0,450.0,4.0,Jewellery
Woodino Handicrafts Showpiece  -  6.5 cm,749.0,399.0,5.0,Home Decor & Festive Needs
R S Jewels Handmade Decoretive Designs Iron Pot Vase Showpiece  -  76 cm,1300.0,780.0,5.0,Home Decor & Festive Needs
Urdiva Fashions Metal Necklace,499.0,199.0,5.0,Jewellery
Bracketron Tour Window Hip Kicker,1650.0,199.0,4.0,Automotive
Suruchi Kadhai 1 L,490.0,299.0,5.0,Kitchen & Dining
Desert Eshop Real Antique Brass Royal 3 Minute Sand Timer 281 Showpiece  -  7 cm,699.0,485.0,5.0,Home Decor & Festive Needs
Elephant 9.84 inch Lid,500.0,450.0,4.0,Kitchen & Dining
Nihar Pirangi Bomber Showpiece  -  10 cm,799.0,194.0,5.0,Home Decor & Festive Needs
Bagru Crafts Wall hanging of Lord Ganesha Showpiece  -  21.69 cm,999.0,549.0,5.0,Home Decor & Festive Needs
Giftwallas Crystal Necklace,399.0,239.0,4.0,Jewellery
Fayon Golden Tassel Alloy Necklace,1150.0,375.0,4.0,Jewellery
Hi Look Alloy Necklace,695.0,371.0,4.5,Jewellery
Playboy London Combo Set,398.0,330.0,5.0,Beauty and Personal Care
Cinthol Deo Spray - Dive (Pack of 2) Combo Set,350.0,345.0,5.0,Beauty and Personal Care
JDX Alloy Necklace,1099.0,375.0,5.0,Jewellery
Pinnakle Dual Compartment and Utility Pouch V4 Printed Art Resin Pencil Box,299.0,179.0,5.0,Toys & School Supplies
JDX Alloy Necklace,500.0,378.0,5.0,Jewellery
Adidas Ice Drive and Dynamic Pulse Combo Set,398.0,320.0,4.5,Beauty and Personal Care
ETTI ESJ69_MULTI Glass Necklace,1000.0,199.0,5.0,Jewellery
Anna Andre Paris Red Horizon & Majesty Deodorant Combo Set,530.0,299.0,4.5,Beauty and Personal Care
GoldNera Brass Chain,1017.0,299.0,4.1,Jewellery
Klassik Animal Random Art Card Board Pencil Box,249.0,160.0,5.0,Toys & School Supplies
iBall Wireless N Router,1449.0,969.0,4.2,Computers
Alex's Barbie Series Barbie Doll Art Plastic Pencil Box,799.0,299.0,5.0,Toys & School Supplies
Hi Look Alloy Necklace,695.0,295.0,5.0,Jewellery
JDX Alloy Necklace,1299.0,380.0,5.0,Jewellery
ETTI ESJ72_MULTI Glass Necklace,1200.0,250.0,5.0,Jewellery
www.thepaper.asia Floral Floral Art Canvas Leather Pencil Box,375.0,275.0,5.0,Toys & School Supplies
Netis WF2412,1500.0,695.0,4.2,Computers
Fayon Red chic Alloy Necklace,1200.0,480.0,5.0,Jewellery
Arabian Nights Evolve Combo Set,799.0,398.0,4.5,Beauty and Personal Care
D-Link DWR-111-3G Router with WAN Auto Failure,2310.0,1025.0,4.2,Computers
Adidas Get Ready and Natural Vitality Combo Set,400.0,320.0,4.0,Beauty and Personal Care
Nike Up Or Down Combo Set,500.0,369.0,4.0,Beauty and Personal Care
My Ego Combo Set,555.0,310.0,5.0,Beauty and Personal Care
Hi Look Alloy Necklace,695.0,395.0,5.0,Jewellery
Nike Combo Set,598.0,326.0,4.7,Beauty and Personal Care
Hi Look Alloy Necklace,495.0,396.0,5.0,Jewellery
AOC Pencil Pouch Polka Dots Art Cloth Pencil Box,499.0,299.0,5.0,Toys & School Supplies
Adidas Pure Lightness Combo Set,398.0,325.0,5.0,Beauty and Personal Care
JDX Alloy Necklace,450.0,380.0,5.0,Jewellery
Engage Trail-Blush Combo Set,350.0,310.0,4.0,Beauty and Personal Care
TP-LINK TL-WR702N 150Mbps Wireless N Nano Router,1599.0,949.0,4.2,Computers
JDX Alloy Necklace,620.0,299.0,4.8,Jewellery
iBall 150M eXtreme Wireless-N Router,1399.0,929.0,4.2,Computers
Denver Deodorant No-13 Gift Set  Combo Set,360.0,324.0,5.0,Beauty and Personal Care
Zero Gravity Pack Combo Set,480.0,345.0,4.7,Beauty and Personal Care
JDX Alloy Necklace,599.0,299.0,5.0,Jewellery
Engage Urge-Mate Combo Set,360.0,284.0,4.2,Beauty and Personal Care
Playboy London And Berlin Combo Set,398.0,388.0,5.0,Beauty and Personal Care
"Alex's Mickey Mickey, Donald Duck Art Plastic Pencil Box",799.0,399.0,5.0,Toys & School Supplies
Tenda TE-D820R,1400.0,799.0,5.0,Computers
Engage Combo Set,540.0,450.0,4.3,Beauty and Personal Care
Spinz Combo Set,599.0,354.0,5.0,Beauty and Personal Care
Hi Look Alloy Necklace,695.0,265.0,5.0,Jewellery
JDX Alloy Necklace,450.0,299.0,5.0,Jewellery
Benetton Lets Love lets moov Gift Set  Combo Set,999.0,425.0,4.5,Beauty and Personal Care
ETTI ESJ27_MULTI Crystal Glass Necklace,300.0,99.0,4.3,Jewellery
Indian Charm Glass Necklace,449.0,404.0,5.0,Jewellery
Junk Glass Necklace,359.0,300.0,5.0,Jewellery
Vincent Valentine Paris Set of New Dark & Dark Fire Deodorants Combo Set,360.0,310.0,4.5,Beauty and Personal Care
Hi Look Alloy Necklace,645.0,484.0,5.0,Jewellery
Edimax BR-6228NS V2,1999.0,890.0,4.5,Computers
Klassik Animal Random Art Card Board Pencil Box,249.0,180.0,5.0,Toys & School Supplies
Alex's Super Fine Series Ben Ten Art Metal Pencil Box,499.0,199.0,5.0,Pens & Stationery
Klassik 3D Big Eyes Random Art Cloth Pencil Box,449.0,290.0,4.0,Toys & School Supplies
Anna Andre Paris Floralina & Red Horizon Combo Set,355.0,249.0,4.0,Beauty and Personal Care
Tara Lifestyle Dora Printed Art Plastic Pencil Box,499.0,275.0,5.0,Toys & School Supplies
French Factor Combo Set,360.0,320.0,4.0,Beauty and Personal Care
Hi Look Alloy Necklace,245.0,215.0,5.0,Jewellery
ETTI ESJ86_MULTI Glass Necklace,1200.0,250.0,5.0,Jewellery
Adidas Ice Dive Combo Set,398.0,290.0,4.4,Beauty and Personal Care
Outshiny Eagle Printed Art Polyester Pencil Box,199.0,149.0,5.0,Toys & School Supplies
Nike Combo Set,598.0,399.0,4.5,Beauty and Personal Care
Anna Andre Paris Red Horizon deodorant Combo Set,525.0,299.0,5.0,Beauty and Personal Care
Pinnakle Dual Compartment Utility Pouch V2 Solid Art Polyester Pencil Box,299.0,149.0,4.0,Toys & School Supplies
Zeva Keepz U On Gift Set  Combo Set,130.0,99.0,5.0,Beauty and Personal Care
Tenda TE-D151 N150 Wireless ADSL2+ Modem Router,2800.0,1105.0,4.8,Computers
Wi-Bridge APW40-01,2399.0,600.0,4.1,Computers
Outshiny Dual Compartment Printed Art Polyester Pencil Box,299.0,249.0,5.0,Toys & School Supplies
French Factor Man of the Year Deodorant Gift Set  Combo Set,360.0,340.0,4.5,Beauty and Personal Care
Tenda W268R,1500.0,1030.0,5.0,Computers
Outshiny Dual Compartment Printed Art Polyester Pencil Box,299.0,249.0,4.3,Toys & School Supplies
Adidas Champions League and Dynamic Pulse Combo Set,398.0,272.0,5.0,Beauty and Personal Care
Playboy New York Combo Set,398.0,388.0,5.0,Beauty and Personal Care
Nike N5th Element Combo Set,500.0,400.0,5.0,Beauty and Personal Care
"Dress Villa Acrylic, Alloy Necklace",899.0,449.0,5.0,Jewellery
Hi Look Alloy Necklace,395.0,265.0,4.5,Jewellery
Klassik Girly Random Art Cloth Pencil Box,449.0,390.0,5.0,Toys & School Supplies
"Indian Charm Glass, Metal Necklace",499.0,449.0,5.0,Jewellery
Jewellerywale Alloy Necklace,2300.0,449.0,5.0,Jewellery
D-Link DSL-2520U,1449.0,800.0,4.1,Computers
Kamasutra Combo Set,380.0,349.0,5.0,Beauty and Personal Care
JDX Alloy Necklace,599.0,299.0,4.9,Jewellery
Beverly Hills Polo Club Combo Set,380.0,360.0,4.0,Beauty and Personal Care
JDX Alloy Necklace,650.0,350.0,5.0,Jewellery
D-Link DIR-600 N150 Wireless Router,2450.0,999.0,4.1,Computers
D-Link DIR-600L,2730.0,1079.0,4.2,Computers
Spinz Combo Set,499.0,249.0,5.0,Beauty and Personal Care
Jewels Guru Alloy Necklace,999.0,323.0,5.0,Jewellery
French Factor Combo Set,360.0,310.0,5.0,Beauty and Personal Care
Playboy London And New York Combo Set,398.0,388.0,4.0,Beauty and Personal Care
Nike Orange Combo Set,500.0,350.0,4.0,Beauty and Personal Care
Armaf Vanity Femme Pink Combo Set,500.0,389.0,5.0,Beauty and Personal Care
Nike Combo Set,598.0,326.0,4.3,Beauty and Personal Care
JDX Brass Necklace,1099.0,499.0,5.0,Jewellery
totalcare Expert METAL & GLASS SHINER Car Washer,288.0,288.0,4.0,Automotive
INDIANO Flip Flops,799.0,399.0,5.0,Footwear
FCS Suzuki Metal Key Chain,299.0,138.0,4.6,Pens & Stationery
Milton School 750 ml Water Bottle,184.0,175.0,5.0,Kitchen & Dining
Elligator Women Sports Sandals,499.0,479.0,5.0,Footwear
Revine Men's Printed Casual Shirt,1299.0,849.0,5.0,Clothing
WROGN Men's Solid Casual Shirt,1999.0,999.0,5.0,Clothing
GKI Euro Star Table Tennis Racquet,1520.0,1089.0,4.1,Sports & Fitness
Dhhan 8 watt Rechargeable Emergency Lights,899.0,299.0,5.0,Home & Kitchen
"JBN Creation Girl's Kurti, Legging and Dupatta Set",1499.0,599.0,5.0,Clothing
Blessed Ring Basket Plant Container Set,800.0,499.0,5.0,Tools & Hardware
Cenizas Casual Printed Women's Kurti,999.0,625.0,5.0,Clothing
Natures Plus IMG_0004 Plant Container Set,390.0,390.0,5.0,Tools & Hardware
Blessed Jaali Basket Plant Container Set,750.0,399.0,5.0,Tools & Hardware
Easy Gardening 10 Inch Nursery Plant Container Set,1500.0,999.0,4.0,Tools & Hardware
Beverly Hills Polo Club Solid Women's Tunic,1299.0,899.0,5.0,Clothing
Dolphin Miles Women Wedges,525.0,349.0,5.0,Footwear
Go Hooked Basket Plant Container Set,700.0,700.0,4.0,Tools & Hardware
Dolphin Miles Women Wedges,495.0,345.0,4.0,Footwear
Green Girgit Plant Container Set,500.0,350.0,4.0,Tools & Hardware
Go Hooked Mini Table Plant Container Set,750.0,750.0,5.0,Tools & Hardware
Natures Plus Home Garden Plant Container Set,300.0,300.0,5.0,Tools & Hardware
Joy Living Garden Plant Container Set,300.0,300.0,5.0,Tools & Hardware
"Fastrack ND9912PP11J Teevirus Analog Watch  - For Men, Women",750.0,750.0,5.0,Watches
Sonata 8015YL01 Analog Watch  - For Women,950.0,950.0,4.5,Watches
Sonata 7086SL04 Tech 1 Analog Watch  - For Men,998.0,998.0,4.2,Watches
Sonata Everyday Analog Watch - For Men,1095.0,1095.0,4.3,Watches
Maxima 07011LCGC Attivo Analog Watch  - For Men,950.0,950.0,4.5,Watches
Fastrack 9913PP05 Tees Analog Watch  - For Men,750.0,750.0,4.7,Watches
Nexus NX_7587 Analog Watch  - For Women,999.0,999.0,5.0,Watches
Sonata 8959YL01 Yuva Gold Analog Watch  - For Women,780.0,780.0,4.1,Watches
HMT B0341 HQ Analog Watch  - For Women,595.0,595.0,4.3,Watches
Maxima 24990LMLI Swarovski Analog Watch  - For Women,950.0,760.0,4.2,Watches
Sonata 2160YL06 Economy Analog Watch  - For Women,749.0,749.0,4.0,Watches
Maxima 17321CMLY Gold Analog Watch  - For Women,695.0,675.0,4.5,Watches
Global Nomad GNLBBL0314 Analog Watch  - For Men,725.0,725.0,4.0,Watches
Agricart African Marigold Vanilla F1- White Seed,150.0,150.0,5.0,Home Improvement
Sonata 7007YL09 Essentials Analog Watch  - For Men,899.0,899.0,4.7,Watches
Maxima 21101BMLY Gold Analog Watch  - For Women,1075.0,965.0,4.3,Watches
Fastrack 9770PL01 Sport Analog Watch  - For Women,995.0,995.0,4.2,Watches
Joy Living Garden Plant Container Set,750.0,750.0,4.5,Tools & Hardware
Maxima 22381BMLY Gold Analog Watch  - For Women,1175.0,1060.0,4.8,Watches
Fastrack 9298PV06 Beach Analog Watch  - For Men,995.0,995.0,5.0,Watches
Sonata 77018PL01 Watch,799.0,799.0,4.0,Watches
Maxima 20981LMGI Attivo Analog Watch  - For Men,995.0,895.0,5.0,Watches
Maxima 24742LMGY Gold Analog Watch  - For Men,950.0,950.0,4.5,Watches
Timewel 1100-N498 Analog Watch  - For Men,995.0,995.0,4.0,Watches
Maxima 26092PMGB Attivo Analog Watch  - For Men,675.0,675.0,4.0,Watches
Maxima 24460CMGI Attivo Analog Watch  - For Men,850.0,825.0,4.2,Watches
"Noise NOSWW001 Analog Watch  - For Men, Women",999.0,999.0,4.0,Watches
SF by Sonata 7991PP02 Ocean Digital Watch  - For Men,999.0,999.0,4.8,Watches
Maxima 06362CMGY Gold Analog Watch  - For Men,1075.0,995.0,5.0,Watches
"Fastrack ND9915PP05J Teevirus Analog Watch  - For Women, Men",749.0,749.0,4.1,Watches
Sonata 8925YL02 Analog Watch  - For Women,599.0,599.0,4.4,Watches
"Fastrack 9914PP05 Tees Analog Watch  - For Women, Men",650.0,650.0,4.0,Watches
Maxima 28393LMLI Attivo Analog Watch  - For Women,850.0,774.0,4.5,Watches
Maxima 20183CMGI Attivo Analog Watch  - For Men,950.0,865.0,4.0,Watches
Fastrack 9333PP04 Analog Watch  - For Men,895.0,895.0,5.0,Watches
Sonata 7093SL02 Yuva Analog Watch  - For Men,899.0,899.0,4.1,Watches
Sonata 8013YL02 Analog Watch  - For Women,950.0,950.0,4.5,Watches
Sonata 7007YL07 Analog Watch  - For Men,899.0,899.0,5.0,Watches
NE Shoes Women Wedges,999.0,499.0,5.0,Footwear
Sneha Unique Women Wedges,998.0,499.0,5.0,Footwear
Maxima 13881PPGW FIBER COLLECTION Analog Watch  - For Men,699.0,699.0,4.3,Watches
Sonata 8925YM05 Analog Watch  - For Women,799.0,799.0,4.0,Watches
Sonata 7011SM05 Yuva Analog Watch  - For Men,630.0,630.0,4.3,Watches
Maxima 24864LMGY Analog Watch  - For Men,950.0,950.0,5.0,Watches
Maxima 10310LMGI Attivo Analog Watch  - For Men,750.0,750.0,4.0,Watches
Maxima 23237PPGN FIBER COLLECTION Analog Watch  - For Men,525.0,525.0,5.0,Watches
Sonata 7092SL01 Yuva Analog Watch  - For Men,999.0,999.0,4.3,Watches
Sonata 7924SL03 Sport Casual Analog Watch  - For Men,799.0,799.0,4.1,Watches
Maxima 26512PPGN FIBER COLLECTION Analog Watch  - For Men,595.0,595.0,5.0,Watches
Maxima 01427CMGY Gold Analog Watch  - For Men,795.0,750.0,5.0,Watches
Maxima 20020LMGI Attivo Analog Watch  - For Men,950.0,950.0,5.0,Watches
Onlineshoppee Plant Container Set,1350.0,949.0,4.0,Tools & Hardware
Flippd FDRBB1814 Fibre Analog Watch  - For Men,750.0,750.0,4.2,Watches
Sonata 7958PP01 Analog Watch,550.0,550.0,5.0,Watches
Kielz Women Wedges,999.0,399.0,5.0,Footwear
Natures Plus Home Garden Plant Container Set,430.0,430.0,4.0,Tools & Hardware
Maxima 20141CMGI Attivo Analog Watch  - For Men,825.0,825.0,5.0,Watches
"Only Kidz 20238 Barbie Analog Watch  - For Boys, Girls",549.0,549.0,5.0,Watches
Sonata 8097YM01 Analog Watch  - For Women,999.0,999.0,4.0,Watches
Nexus NX_7570 Analog Watch  - For Women,999.0,999.0,4.0,Watches
"Aadi Alloy, Metal Bangle",1200.0,529.0,4.0,Jewellery
Maxima 29182CMGI Attivo Analog Watch  - For Men,995.0,895.0,4.0,Watches
Maxima 01727LPLN Mac Gold Analog Watch  - For Women,650.0,650.0,5.0,Watches
"Kool Kidz DMK-001-PR 01 Analog Watch  - For Boys, Girls",525.0,525.0,5.0,Watches
HMT G5141 Watch  - For Men,595.0,595.0,4.6,Watches
Ortho + Rest Women Flats,450.0,450.0,5.0,Footwear
Maxima 27280PPGW Fiber Analog Watch  - For Men,725.0,700.0,4.1,Watches
Nell Women Flats,799.0,449.0,4.0,Footwear
Sonata 8098YM01 Analog Watch  - For Women,1099.0,1085.0,5.0,Watches
"Fastrack 3062PP09 Tees Pop Analog Watch  - For Men, Women",750.0,750.0,4.4,Watches
"Fastrack 9912PP15 Tees Analog Watch  - For Men, Women",750.0,750.0,4.6,Watches
Sonata 8974PP01 Analog Watch  - For Women,550.0,550.0,4.1,Watches
Sonata 8925YM06J Analog Watch  - For Women,799.0,799.0,5.0,Watches
Sonata 7089SL01 Yuva Analog Watch  - For Men,925.0,915.0,5.0,Watches
Fastrack 9297PP01 Sports Analog Watch  - For Men,995.0,995.0,4.7,Watches
Get Glamr Women Wedges,1999.0,999.0,4.5,Footwear
Sonata 8076YL01 Analog Watch  - For Women,895.0,795.0,4.3,Watches
Alto Moda by Pantaloons Solid Women's Tunic,1249.0,811.0,4.0,Clothing
Maxima 19413PPSN FIBER COLLECTION Digital Watch  - For Men,825.0,825.0,4.7,Watches
Flippd FDDC03 Analog Watch  - For Men,750.0,750.0,4.0,Watches
Maxima 07035LMLI Attivo Analog Watch  - For Women,750.0,750.0,4.5,Watches
"Fastrack 9912PP18 Tees Analog Watch  - For Men, Women",750.0,750.0,4.2,Watches
Maxima 29081LMGI Attivo Analog Watch  - For Men,895.0,825.0,4.0,Watches
Maxima 19883BMLI Swarovski Analog Watch  - For Women,995.0,995.0,4.3,Watches
HMT B022 HQ Analog Watch  - For Women,800.0,800.0,5.0,Watches
Flippd FD15102 Analog Watch  - For Men,750.0,750.0,4.0,Watches
"Kool Kidz DMK-011-BK 01 Analog Watch  - For Girls, Boys",595.0,476.0,4.8,Watches
HMT OLSS 01 Analog Watch  - For Women,550.0,550.0,4.0,Watches
Fastrack 9792PP02 Basics Analog Watch  - For Women,795.0,795.0,5.0,Watches
Sonata 8082SL01 Analog Watch  - For Women,799.0,799.0,4.7,Watches
Maxima 29126LMGY Gold Analog Watch  - For Men,995.0,995.0,5.0,Watches
Nexus NX_7690 Analog Watch  - For Women,999.0,999.0,5.0,Watches
Maxima 05712LMLY Analog Watch  - For Women,925.0,925.0,4.7,Watches
Fastrack 9827PP10 Analog Watch  - For Women,995.0,896.0,4.0,Watches
Sonata 8076YL02 Analog Watch  - For Women,830.0,830.0,4.0,Watches
HMT OLSS 03 Analog Watch  - For Women,550.0,550.0,5.0,Watches
"Fastrack 3062PP12 Tees Pop Analog Watch  - For Women, Men",750.0,750.0,4.1,Watches
"Fastrack 3062PP19 Tees Analog Watch  - For Men, Women",750.0,750.0,5.0,Watches
"Flippd FD040107 Casual Analog Watch  - For Men, Boys",999.0,999.0,4.0,Watches
"Fastrack ND9912PP04J Analog Watch  - For Women, Men",750.0,750.0,4.8,Watches
Flippd FDRBB2814(orange) Fibre Analog Watch  - For Men,750.0,750.0,4.3,Watches
Timewel 1100-N1944_B Analog Watch  - For Women,855.0,855.0,5.0,Watches
Timewel 1100-N1508 Analog Watch  - For Women,855.0,855.0,5.0,Watches
Maxima 07138CMGY Analog Watch  - For Men,795.0,795.0,5.0,Watches
SF by Sonata 7963PP02 Dean Analog Watch  - For Men,749.0,749.0,4.7,Watches
Sonata 8024SL10 Yuva Analog Watch  - For Women,999.0,999.0,4.6,Watches
Clovia Women's Full Coverage Bra,499.0,249.0,4.5,"Clovia Women's Full Coverage Bra""]"
Clovia Women's Full Coverage Bra,279.0,279.0,4.5,"Clovia Women's Full Coverage Bra""]"
Clovia Women's Full Coverage Bra,399.0,319.0,4.0,Clothing
Clovia Women's T-Shirt Bra,599.0,269.0,4.0,Clothing
Woly Smooth Leather Shoe Cream,200.0,200.0,4.0,Footwear
METMO Slippers,599.0,229.0,5.0,Footwear
Clovia Women's T-Shirt Bra,599.0,299.0,4.5,Clothing
Clovia Women's T-Shirt Bra,599.0,479.0,5.0,"Clovia Women's T-Shirt Bra""]"
Pu-Good Women Flats,999.0,378.0,5.0,"Pu-Good Women Flats""]"
Subh-Akriti Assorted Artificial Plant,1500.0,649.0,5.0,Home Decor & Festive Needs
Hepburnette Women Heels,1750.0,999.0,4.0,Footwear
Perky Girl's Layered Dress,1899.0,799.0,5.0,Clothing
Rann Women's Leggings,499.0,379.0,4.0,Clothing
CampusMall Printed Men's Round Neck T-Shirt,570.0,400.0,5.0,Clothing
CampusMall Printed Men's Round Neck T-Shirt,570.0,400.0,4.0,Clothing
Perky Girl's Layered Dress,1799.0,699.0,5.0,Clothing
The Vanca Formal 3/4 Sleeve Printed Women's Top,1499.0,659.0,4.0,Clothing
Veakupia Casual Full Sleeve Solid Women's Top,1199.0,480.0,5.0,Clothing
Kaizer Jewelry Stainless Steel Zircon Ring,5769.0,599.0,5.0,Jewellery
i-KitPit Pouch for Lenovo A369i,299.0,199.0,4.0,Mobiles & Accessories
i-KitPit Pouch for Lenovo A369i,399.0,249.0,5.0,Mobiles & Accessories
Puma Casual Short Sleeve Printed Women's Top,799.0,799.0,5.0,Clothing
Zink London Casual Sleeveless Solid Women's Top,1445.0,722.0,5.0,Clothing
Zink London Casual Full Sleeve Printed Women's Top,1545.0,772.0,4.0,Clothing
Today Fashion Casual 3/4 Sleeve Solid Women's Top,1199.0,499.0,5.0,Clothing
Highlander Men's Printed Casual Shirt,1599.0,499.0,5.0,Clothing
Imbindass Printed Men's Round Neck T-Shirt,599.0,499.0,5.0,Clothing
Do Bhai Women Flats,399.0,299.0,5.0,Footwear
Baklol Printed Men's Round Neck T-Shirt,699.0,299.0,5.0,Clothing
SayItLoud Printed Men's Round Neck T-Shirt,599.0,399.0,5.0,Clothing
4thneed Solid Men's Polo T-Shirt,1100.0,595.0,5.0,Clothing
DNA Graphic Print Men's Round Neck T-Shirt,599.0,499.0,5.0,Clothing
Rawpockets Graphic Print Men's Round Neck T-Shirt,599.0,549.0,5.0,Clothing
Lyc Women Heels,699.0,399.0,4.0,Footwear
Rawpockets Graphic Print Men's Round Neck T-Shirt,1198.0,899.0,5.0,Clothing
Sterling Rolling Pin Holder with Tong Stainless Steel Kitchen Rack,1299.0,449.0,5.0,Kitchen & Dining
"Calibra Women's Full Coverage, T-Shirt Bra",250.0,219.0,4.7,Clothing
Clovia In Aqua Women's Full Coverage Bra,349.0,249.0,5.0,Clothing
Huetrap Graphic Print Men's Round Neck T-Shirt,599.0,599.0,4.0,Clothing
Huetrap Graphic Print Men's Round Neck T-Shirt,699.0,699.0,4.2,Clothing
Clovia Non Padded Wired Red Women's Full Coverage Bra,399.0,249.0,4.5,Clothing
John Players Men's Checkered Formal Shirt,999.0,519.0,5.0,Clothing
Metmo Flip Flops,499.0,149.0,5.0,Footwear
Chipchop Baby Girl's Empire Waist Blue Dress,1799.0,959.0,5.0,Baby Care
Tiny Toon Girl's Gathered Red Dress,1999.0,599.0,5.0,Clothing
Max T-Shirt,149.0,149.0,5.0,Clothing
Wildcraft Waist Pouch,595.0,595.0,4.3,Sports & Fitness
Wildcraft Digital Pouch Travel Bag,395.0,395.0,4.3,Sports & Fitness
Small Toes Slippers,398.0,249.0,5.0,Footwear
Metmo Slippers,599.0,249.0,5.0,Footwear
Varmora VCST0 Living & Bedroom Stool,500.0,399.0,4.8,Kitchen & Dining
Favourite Bikerz FBZ 8784 112 dB Vehicle Horn,599.0,376.0,4.0,Automotive
Syska Led Lights 5 W LED Bulb,399.0,245.0,5.0,Kitchen & Dining
Store Indya Hand Crafted Embossed Leather Diary with Celtic Patterns Regular Journal Hard Bound,600.0,580.0,4.0,Pens & Stationery
Swarnim Jewellers Lord Ganesha Showpiece  -  7.5 cm,600.0,480.0,5.0,Home Decor & Festive Needs
Favourite BikerZ FBZ 6455 110 dB Vehicle Horn,788.0,499.0,5.0,Automotive
Ornate 7 W LED Bulb,375.0,209.0,5.0,Kitchen & Dining
Favourite BikerZ FBZ 6480 110 dB Vehicle Horn,788.0,499.0,5.0,Automotive
Status Quo Solid Casual Men's Sweater,1599.0,799.0,4.1,Clothing
Peter England Striped Round Neck Casual Men's Sweater,1599.0,799.0,4.0,Clothing
Flora Casual Self Design Women's Kurti,999.0,425.0,5.0,Clothing
"Estyle Casual, Festive, Wedding Solid Women's Kurti",830.0,345.0,4.7,Clothing
Gmi Casual Solid Women's Kurti,1199.0,499.0,4.0,Clothing
TakeInCart Solid Baseball Cap,1500.0,699.0,5.0,Clothing
Rubera Alloy Yellow Gold Bangle Set,1500.0,695.0,4.0,Jewellery
Urban Woods White Women Heels,1199.0,599.0,4.5,Footwear
Life by Shoppers Stop Geometric Print V-neck Casual Men's Reversible Sweater,1299.0,779.0,5.0,Clothing
Lotus Safe Sun UV Screen MatteGel - SPF 50 PA+++,395.0,320.0,4.3,Beauty and Personal Care
Generix Book Cover for ASUS Fonepad 7 2014 FE170CG,1499.0,299.0,4.8,Mobiles & Accessories
Hunny Bunny Solid Girl's Jumpsuit,1520.0,999.0,4.0,Clothing
"eStyle Casual, Festive Polka Print Women's Kurti",990.0,395.0,4.0,Clothing
Flora Solid Women's Kurti,999.0,425.0,4.5,Clothing
Lotus Sun Block Cream - SPF 30 PA++,295.0,265.0,5.0,Beauty and Personal Care
Just Herbs Sunnil Jojoba-Grapeseed Moisturising Sun Protection Lotion - SPF 30,395.0,395.0,5.0,Beauty and Personal Care
Eveready 14 W LED Bulb,899.0,420.0,4.0,Kitchen & Dining
Jovees Anjeer & Carrot Sunblock (Pack of 2) - SPF 45,330.0,323.0,5.0,Beauty and Personal Care
TakeInCart Solid Baseball Cap,1000.0,699.0,5.0,Clothing
Aveeno Baby Continuous Protection Lotion Sunscreen With Broad Spectrum - SPF 55 PA+,1099.0,1099.0,4.0,Beauty and Personal Care
"Estyle Casual, Festive, Wedding Printed Women's Kurti",1599.0,395.0,4.5,Clothing
Lotus Herbals Safe Sun Matte Gel - SPF 50 PA+++,295.0,275.0,4.0,Beauty and Personal Care
"Estyle Casual, Festive, Wedding Printed Women's Kurti",900.0,395.0,4.3,Clothing
"Camy Alloy, Metal Jewel Set",1360.0,299.0,5.0,Jewellery
Infiniti 9 W LED Warm White B22 Bulb,898.0,898.0,5.0,Kitchen & Dining
Urban Woods Black Women Heels,1199.0,599.0,4.5,Footwear
Eves Pret A Porter Women's Solid Casual Linen Shirt,1500.0,399.0,4.0,Clothing
Naisha Women's Printed Casual Shirt,349.0,199.0,4.0,Clothing
Miss Rich Women's Solid Casual Shirt,799.0,399.0,4.0,Clothing
Karishma Women's Solid Formal Shirt,999.0,199.0,5.0,Clothing
Jazzy Ben Women's Checkered Casual Shirt,1095.0,495.0,4.5,Clothing
Vedika Jewellery Alloy Bangle Set,1299.0,399.0,5.0,Jewellery
Oxolloxo Women's Printed Casual Shirt,1095.0,328.0,4.0,Clothing
The Pari Alloy Bangle Set,2450.0,490.0,5.0,Jewellery
Mustard Women's Solid Casual Shirt,799.0,479.0,5.0,Clothing
Nexq Women's Solid Casual Shirt,1745.0,499.0,5.0,Clothing
Sukkhi Copper Yellow Gold Bangle Set,1491.0,399.0,4.0,Jewellery
Aussehen Women's Solid Casual Shirt,599.0,399.0,4.0,Clothing
Bombay High Women's Floral Print Casual Shirt,999.0,499.0,4.5,Clothing
Karishma Women's Solid Formal Shirt,999.0,299.0,4.0,Clothing
People Women's Solid Casual Shirt,599.0,300.0,5.0,Clothing
Karishma Women's Printed Casual Shirt,1499.0,349.0,4.0,Clothing
Lee Cooper Women's Printed Casual Shirt,999.0,449.0,5.0,Clothing
Miss Rich Women's Solid Casual Shirt,699.0,349.0,4.2,Clothing
Sukkhi Copper Yellow Gold Bangle Set,1491.0,399.0,4.2,Jewellery
Lee Cooper Women's Checkered Casual Shirt,899.0,404.0,5.0,Clothing
Meee Women's Solid Casual Shirt,795.0,397.0,4.0,Clothing
Eves Pret A Porter Women's Solid Casual Shirt,1500.0,399.0,5.0,Clothing
Sukkhi Zinc Rhodium Bangle Set,1297.0,359.0,4.2,Jewellery
Bombay High Women's Checkered Casual Shirt,1199.0,449.0,4.3,Clothing
Cottinfab Women's Checkered Casual Shirt,899.0,299.0,4.5,Clothing
Bombay High Women's Solid Formal Shirt,799.0,479.0,5.0,Clothing
Mrigya Alloy Bangle Set,1378.0,399.0,5.0,Jewellery
Blenni Women's Solid Casual Shirt,1299.0,499.0,5.0,Clothing
Sharani Yellow Gold Yellow Gold 22 Bangle,1000.0,199.0,5.0,Jewellery
Miss Rich Women's Solid Casual Shirt,799.0,399.0,5.0,Clothing
Meira Women's Printed Party Shirt,499.0,249.0,4.0,Clothing
Wisstler Women's Floral Print Casual Shirt,799.0,449.0,5.0,Clothing
"Camy Alloy, Metal 18K Yellow Gold Bangle Set",1499.0,399.0,5.0,Jewellery
Bedazzle Women's Checkered Casual Shirt,1000.0,499.0,4.0,Clothing
Ishin Women's Solid Party Shirt,799.0,449.0,4.0,Clothing
Bombay High Women's Polka Print Formal Shirt,999.0,499.0,5.0,Clothing
Sukkhi Copper Yellow Gold Bangle Set,1585.0,429.0,4.0,Jewellery
Being Fab Women's Solid Casual Shirt,1099.0,349.0,4.0,Clothing
DeDe'S Women's Solid Casual Shirt,1399.0,387.0,5.0,Clothing
Sukkhi Copper Yellow Gold Bangle Set,1774.0,469.0,4.3,Jewellery
Bombay High Women's Striped Formal Shirt,799.0,479.0,4.0,Clothing
Folklore Women's Printed Festive Shirt,949.0,474.0,4.0,Clothing
Aimeon Women's Solid Casual Shirt,1040.0,350.0,5.0,Clothing
People Women's Checkered Casual Shirt,899.0,449.0,4.3,Clothing
Lee Cooper Women's Floral Print Casual Shirt,799.0,359.0,4.3,Clothing
Karishma Women's Solid Formal Shirt,999.0,399.0,4.7,Clothing
"Femninora Women's Solid Casual, Formal Shirt",799.0,404.0,4.0,Clothing
Kashana Fashions Women's Printed Casual Shirt,1899.0,490.0,5.0,Clothing
Vedika Jewellery Alloy Bangle Set,1299.0,375.0,5.0,Jewellery
"StylElite Women's Solid Casual, Formal Shirt",599.0,370.0,5.0,Clothing
"Life by Shoppers Stop Women's Printed Casual, Formal Shirt",799.0,479.0,4.0,Clothing
Rene Solid Women's Kurti,1185.0,830.0,5.0,Clothing
Eves Pret A Porter Women's Printed Casual Shirt,1300.0,349.0,5.0,Clothing
Kashana Fashions Women's Polka Print Casual Shirt,1899.0,490.0,4.5,Clothing
"My Design Brass, Alloy Yellow Gold Bangle Set",700.0,655.0,5.0,Jewellery
"Giftsnfriends Cotton Printed, Geometric Print Dress/Top Material",1900.0,590.0,5.0,Clothing
La Rochelle Women's Geometric Print Casual Reversible Shirt,899.0,449.0,5.0,Clothing
My Addiction Women's Printed Casual Shirt,599.0,299.0,5.0,Clothing
Colors Couture Women's Solid Party Shirt,899.0,449.0,5.0,Clothing
Bombay High Women's Solid Formal Shirt,899.0,449.0,4.5,Clothing
Eves Pret A Porter Women's Floral Print Casual Shirt,1300.0,299.0,4.0,Clothing
DeDe'S Women's Solid Casual Shirt,1299.0,387.0,4.3,Clothing
Lamora Women's Checkered Casual Shirt,499.0,297.0,5.0,Clothing
Sukkhi Copper Yellow Gold Bangle Set,1680.0,449.0,4.0,Jewellery
La Rochelle Women's Geometric Print Casual Reversible Shirt,899.0,349.0,5.0,Clothing
Eves Pret A Porter Women's Checkered Casual Shirt,899.0,449.0,4.2,Clothing
Sukkhi Alloy Yellow Gold Bangle Set,1563.0,399.0,4.5,Jewellery
My Addiction Women's Printed Casual Shirt,599.0,299.0,4.0,Clothing
Being Fab Women's Striped Casual Shirt,999.0,478.0,5.0,Clothing
Bombay High Women's Solid Formal Shirt,799.0,399.0,4.0,Clothing
Meee Women's Solid Casual Shirt,695.0,347.0,5.0,Clothing
Dede'S Women's Printed Casual Shirt,1699.0,387.0,4.5,Clothing
Bombay High Women's Solid Casual Shirt,999.0,499.0,5.0,Clothing
Aardee Women's Printed Casual Shirt,599.0,359.0,4.0,Clothing
Adhaans Women's Printed Casual Shirt,1099.0,449.0,5.0,Clothing
Lee Cooper Women's Checkered Casual Shirt,899.0,404.0,4.0,Clothing
Karishma Women's Solid Formal Shirt,999.0,399.0,4.2,Clothing
Dressberry Women's Solid Casual Shirt,999.0,499.0,4.0,Clothing
Bombay High Women's Striped Formal Shirt,1099.0,494.0,4.0,Clothing
Dressberry Women's Solid Casual Shirt,799.0,399.0,4.3,Clothing
Solah Shringar Lac Bangle Set,999.0,999.0,5.0,Jewellery
Jazzy Ben Women's Checkered Casual Shirt,850.0,425.0,4.0,Clothing
Concepts Women's Embroidered Casual Denim Shirt,1099.0,499.0,5.0,Clothing
Dapinc Plastic Bangle Set,1000.0,300.0,5.0,Jewellery
Jazzup Women's Striped Casual Shirt,1319.0,499.0,5.0,Clothing
Sukkhi Copper Yellow Gold Bangle Set,1348.0,369.0,4.1,Jewellery
Bombay High Women's Solid Formal Shirt,699.0,349.0,4.5,Clothing
Sukkhi Copper Yellow Gold Bangle Set,1397.0,389.0,5.0,Jewellery
"Modimania Women's Self Design Casual, Formal, Festive, Party Shirt",1200.0,499.0,4.0,Clothing
Kashana Fashions Women's Polka Print Casual Shirt,1899.0,490.0,5.0,Clothing
"Femninora Women's Solid Casual, Formal Shirt",799.0,404.0,4.5,Clothing
Hermosear Women's Solid Casual Shirt,1099.0,499.0,5.0,Clothing
Karishma Women's Solid Formal Shirt,999.0,399.0,4.5,Clothing
Bombay High Women's Checkered Formal Shirt,799.0,399.0,5.0,Clothing
"Camy Alloy, Brass Bangle Set",1750.0,449.0,4.2,Jewellery
"Osumfab Women's Solid Casual, Formal Shirt",799.0,399.0,4.5,Clothing
Vedika Jewellery Alloy Bangle Set,1299.0,325.0,5.0,Jewellery
Desigrrrl Women's Floral Print Casual Shirt,995.0,485.0,5.0,Clothing
Kashana Fashions Women's Solid Casual Shirt,1499.0,490.0,5.0,Clothing
I Am For You Women's Printed Casual Shirt,1099.0,495.0,5.0,Clothing
The Pari Brass Brass Bangle Set,1100.0,220.0,4.0,Jewellery
Ethnic Jewels Alloy Yellow Gold Bangle Set,1619.0,323.0,5.0,Jewellery
Duvi Women's Floral Print Casual Shirt,799.0,399.0,4.7,Clothing
Kiosha Women's Checkered Casual Shirt,1399.0,297.0,5.0,Clothing
Aviiq Book Cover for Apple iPad Mini,1350.0,1010.0,5.0,Mobiles & Accessories
Jaipur Crafts Premium Collection Silver Lord Krishna With Makhan Matki Showpiece  -  13.97 cm,1499.0,838.0,5.0,Home Decor & Festive Needs
AS42 Floral Print Women's Regular Skirt,1059.0,599.0,5.0,Clothing
United Bags Bundi TT 35 L Laptop Backpack,1299.0,499.0,5.0,"Bags, Wallets & Belts"
Lavie Chic 4 Backpack Backpack,1340.0,1072.0,4.3,"Bags, Wallets & Belts"
Shivani Art Jesus Sheep Plate Showpiece  -  18 cm,799.0,599.0,5.0,Home Decor & Festive Needs
Northwear Scholor 2 L Big Backpack,1299.0,399.0,4.0,"Bags, Wallets & Belts"
Coddle Pocket Cloth Diaper Plus A Microfiber Insert,980.0,599.0,5.0,Baby Care
Wilson Championship Extra Duty Tennis Ball,395.0,290.0,4.1,Sports & Fitness
Zwart GURNER 25 L Medium Laptop Backpack,1200.0,492.0,4.2,"Bags, Wallets & Belts"
Folklore Solid Women's A-line Skirt,699.0,349.0,4.0,Clothing
Kemei Body Groomer KM-30005 Trimmer For Men,899.0,349.0,5.0,Health & Personal Care Appliances
Dhrohar Red 72 cm Table Runner,299.0,299.0,4.0,Home Furnishing
Wrangler Printed Men's Round Neck T-Shirt,995.0,995.0,4.0,Clothing
White Kalia Graphic Print Men's Round Neck T-Shirt,699.0,299.0,4.7,Clothing
Well on Embroidered Men's Polo Neck T-Shirt,600.0,380.0,5.0,Clothing
Wrogn Solid Men's V-neck T-Shirt,899.0,449.0,5.0,Clothing
Esteem Boy's Drawer,800.0,415.0,5.0,Clothing
StyloFashionGarments slim Fit Women's Jeans,1295.0,698.0,5.0,Clothing
Nucode Graphic Print Men's Round Neck T-Shirt,810.0,399.0,5.0,Clothing
Numero Uno Printed Men's Round Neck T-Shirt,899.0,899.0,4.0,Clothing
Ovl Graphic Print Men's Round Neck T-Shirt,699.0,454.0,5.0,Clothing
Numero Uno Printed Men's V-neck T-Shirt,849.0,678.0,4.0,Clothing
Orange and Orchid Striped Men's Polo T-Shirt,899.0,299.0,4.0,Clothing
Nucode Striped Men's Polo Neck T-Shirt,1099.0,499.0,5.0,Clothing
Nod'R Solid Men's Round Neck T-Shirt,599.0,399.0,5.0,Clothing
Nucode Graphic Print Men's Round Neck T-Shirt,849.0,299.0,4.0,Clothing
Nucode Solid Men's Polo Neck T-Shirt,599.0,399.0,5.0,Clothing
Nucode Graphic Print Men's Round Neck T-Shirt,799.0,249.0,5.0,Clothing
Nucode Graphic Print Men's Round Neck T-Shirt,749.0,399.0,5.0,Clothing
Nimya Solid Men's Polo Neck T-Shirt,1199.0,299.0,5.0,Clothing
Nitlon Solid Men's Round Neck T-Shirt,775.0,609.0,5.0,Clothing
Numero Uno Solid Men's V-neck T-Shirt,849.0,764.0,5.0,Clothing
Ocean Race Graphic Print Men's Round Neck T-Shirt,598.0,299.0,5.0,Clothing
Nucode Striped Men's Polo Neck T-Shirt,1049.0,499.0,5.0,Clothing
Orange and Orchid Striped Men's Polo T-Shirt,1499.0,499.0,4.0,Clothing
Nucode Graphic Print Men's Round Neck T-Shirt,799.0,399.0,4.3,Clothing
Ovl Graphic Print Men's Round Neck T-Shirt,599.0,419.0,5.0,Clothing
Nucode Graphic Print Men's V-neck T-Shirt,699.0,299.0,5.0,Clothing
Ninja Turtle Printed Men's Round Neck T-Shirt,749.0,448.0,5.0,Clothing
Nucode Graphic Print Men's Round Neck T-Shirt,799.0,399.0,5.0,Clothing
"Orange and Orchid Solid, Printed Men's Round Neck T-Shirt",749.0,399.0,4.0,Clothing
Nucode Graphic Print Men's Round Neck T-Shirt,760.0,329.0,5.0,Clothing
Nucode Geometric Print Men's Round Neck T-Shirt,799.0,480.0,5.0,Clothing
Nucode Graphic Print Men's Round Neck T-Shirt,699.0,399.0,5.0,Clothing
Nucode Graphic Print Men's Round Neck T-Shirt,749.0,399.0,4.5,Clothing
O And O Printed Men's Round Neck T-Shirt,899.0,299.0,5.0,Clothing
Nucode Striped Men's Polo Neck T-Shirt,1079.0,499.0,5.0,Clothing
Nucode Graphic Print Men's Round Neck T-Shirt,699.0,299.0,5.0,Clothing
Nucode Graphic Print Men's Round Neck T-Shirt,760.0,299.0,5.0,Clothing
Udaipur Art Gallery Wooden Decorative Platter,750.0,399.0,5.0,Home Decor & Festive Needs
Pavvoin Lingerie Set,999.0,445.0,5.0,Clothing
Fogg Fashion Store 3003-PK Modish Analog Watch  - For Women,999.0,329.0,5.0,Watches
New Day Graphic Print Boy's Round Neck T-Shirt,640.0,640.0,5.0,Clothing
My Foot Women Heels,1599.0,956.0,5.0,Footwear
R18Jewels-Fashion&U Sparkle Delight Metal Bangle Set,650.0,297.0,5.0,Jewellery
Tales & Stories Slim Fit Boy's Jeans,1299.0,779.0,4.0,Clothing
Elligator 10 Card Holder,2995.0,299.0,4.0,"Bags, Wallets & Belts"
Rajasthan Crafts Abstract Single Quilts & Comforters Pink,950.0,840.0,4.0,Home Furnishing
Earth Ro System Abstract Single Quilts & Comforters Multicolor,2450.0,1000.0,5.0,Home Furnishing
Chappin & Nellson CNL-50-White Analog Watch  - For Women,1999.0,799.0,5.0,Watches
Port Fusion Football Shoes,1299.0,599.0,4.0,Footwear
FS Mini Klub Solid Baby Boy's Pathani Kurta,899.0,539.0,5.0,Clothing
Xemex ST1025SL07 New Generation Analog Watch  - For Women,650.0,275.0,5.0,Watches
"Ireeya Abstract Single Coral Blanket White, Purple",850.0,529.0,5.0,Baby Care
Total Care TC-L830 Screen Guard for Nokia Lumia 830,399.0,175.0,4.8,Mobiles & Accessories
Casotec Super Clear Screen Protector Screen Guard for Nokia Lumia 830,199.0,79.0,5.0,Mobiles & Accessories
Nillkin Z3-84345 Mirror Screen Guard for Blackberry Z3,999.0,598.0,5.0,Mobiles & Accessories
Chicopee Women Flats,1499.0,749.0,5.0,Footwear
Love Baby Cartoon Set of Towels,638.0,425.0,4.3,Baby Care
LUBA bh23 Stylo Analog Watch  - For Men,899.0,289.0,5.0,Watches
Mark Home Cotton Bath Towel,799.0,599.0,5.0,Home Furnishing
LUBA ty47 Stylo Analog Watch  - For Men,345.0,199.0,4.0,Watches
Swisstyle SS-GR1409-BLK-CH Flunky Analog Watch  - For Men,999.0,449.0,5.0,Watches
Younky Women's Animal Print Casual Shirt,1999.0,349.0,5.0,Clothing
H2O Plus Eye Oasis Moisture Replenishment Treatment,1400.0,840.0,4.0,Beauty and Personal Care
Indus Beats Striped Men's Boxer,799.0,299.0,4.8,Clothing
President School Waterproof Backpack,1200.0,799.0,4.2,Toys & School Supplies
April6 Woven Checkered Men's Boxer,549.0,389.0,4.8,Clothing
April6 Daniel Printed Men's Boxer,549.0,289.0,4.5,Clothing
Chaddy Buddy Gaand Faadu Printed Men's Boxer,999.0,549.0,5.0,Clothing
"Primes Boys, Girls Sandals",599.0,439.0,4.0,Footwear
Catwalk Women Wedges,1695.0,999.0,4.5,Footwear
Pilot Roller Ball Pen,960.0,960.0,5.0,Pens & Stationery
"Pearlz Ocean Pleasing Alloy Pearl, Crystal Yellow Gold Bracelet",1600.0,399.0,5.0,Jewellery
Swiss Charger Cable de synchro micro USB USB Cable,599.0,599.0,5.0,Mobiles & Accessories
Remax Micro USB Data Sync & Charging Cable USB Cable,799.0,250.0,5.0,Mobiles & Accessories
LG EAD63689301 USB Cable,249.0,249.0,4.6,Mobiles & Accessories
Uniball SAR Ball Pen,150.0,145.0,4.0,Pens & Stationery
People Graphic Print Women's Round Neck T-Shirt,399.0,200.0,4.0,Clothing
Pearl Paradise Briolette With Moonlight Elements. Swarovski Crystal Stone Dangle Earring,1380.0,966.0,5.0,Jewellery
Regent Analog 28 cm Dia Wall Clock,1299.0,799.0,4.0,Home Decor & Festive Needs
Yepme Graphic Print Women's Round Neck T-Shirt,699.0,349.0,5.0,Clothing
APS Premium Scratch Protector GL-HH6 Tempered Glass for Huawei Honor 6,799.0,399.0,4.0,Mobiles & Accessories
PrixCracker Honor6+ Tempered Glass for Huawei Honor 6+,699.0,299.0,5.0,Mobiles & Accessories
Vmax SC161 Tempered Glass for Huawei Honor 6,999.0,499.0,5.0,Mobiles & Accessories
President Shell 40 L Medium Backpack,899.0,539.0,5.0,"Bags, Wallets & Belts"
Zwart RYKER 30 L Medium Backpack,1700.0,748.0,5.0,"Bags, Wallets & Belts"
WOWMOM Self Design Baby Boy's Track Pants,299.0,299.0,4.0,Clothing
Top Notch Solid Women's Polo Neck T-Shirt,1499.0,299.0,5.0,Clothing
Police Solid Men's Polo Neck T-Shirt,1899.0,760.0,5.0,Clothing
Pilot Ball Pen,995.0,995.0,5.0,Pens & Stationery
Regent Analog 31 cm Dia Wall Clock,1599.0,749.0,5.0,Home Decor & Festive Needs
Indiano Women's Leggings,599.0,349.0,5.0,Clothing
"Planet Steel, Plastic Dustbin",1100.0,890.0,5.0,Kitchen & Dining
PXL Men's Solid Formal Shirt,1900.0,680.0,5.0,Clothing
Oye Top With Skirts Girl's  Combo,799.0,479.0,4.0,Clothing
Oye Top Girl's  Combo,799.0,479.0,4.0,Clothing
Oye Top With Skirts Girl's  Combo,749.0,449.0,4.0,Clothing
StylElite Women's Printed Casual Shirt,499.0,270.0,5.0,Clothing
Harry Hill Athens Loafers,1999.0,1099.0,5.0,Footwear
Bosch 2 608 521 039 Screwdriver Bit Set,375.0,375.0,5.0,Tools & Hardware
JJC LH 60  Lens Hood,999.0,530.0,5.0,Cameras & Accessories
Bosch 2 607 001 513 Extra Hard Screwdriver Bit Set,1038.0,1038.0,5.0,Tools & Hardware
JJC LS - 55  Lens Hood,800.0,699.0,4.0,Cameras & Accessories
Bosch 2 607 001 531 Extra Hard Screwdriver Bit Set,277.0,277.0,5.0,Tools & Hardware
Bosch 2 608 521 041 Screwdriver Bit Set,374.0,374.0,5.0,Tools & Hardware
JJC LH-74  Lens Hood,850.0,850.0,5.0,Cameras & Accessories
Bosch 2 607 001 528 Extra Hard Screwdriver Bit Set,368.0,368.0,4.5,Tools & Hardware
JJC LH-83F  Lens Hood,1100.0,1100.0,4.0,Cameras & Accessories
StyBuzz Embroidered Decorative Cushion,1499.0,398.0,5.0,Home Furnishing
Bosch 2 608 521 040 Screwdriver Bit Set,653.0,653.0,5.0,Tools & Hardware
Bosch 2 608 521 043 Screwdriver Bit Set,846.0,846.0,5.0,Tools & Hardware
DGB Flexi Touch X-11 USB Led Light,329.0,259.0,5.0,Computers
Omax EW-60C for CANON EF-S 18-55mm F/3.5-5.6 Lens  Lens Hood,495.0,270.0,5.0,Cameras & Accessories
Spalding Cross Over Basketball -   Size: 7,1085.0,809.0,4.7,Sports & Fitness
Bosch 2 608 521 038 Screwdriver Bit Set,343.0,343.0,5.0,Tools & Hardware
Seastar Stadil Canvas Shoes,899.0,899.0,5.0,Footwear
JJC LH-83II  Lens Hood,1199.0,910.0,4.5,Cameras & Accessories
Vinex Pacer Basketball -   Size: 5,549.0,389.0,4.0,Sports & Fitness
Bosch 2 607 001 526 Extra Hard Screwdriver Bit Set,433.0,433.0,5.0,Tools & Hardware
Nivia Destroyer Basketball -   Size: 7,520.0,520.0,5.0,Sports & Fitness
Spalding Cross Over Basketball -   Size: 5,955.0,955.0,5.0,Sports & Fitness
Little Kangaroos Girl's Trousers,1299.0,649.0,5.0,Clothing
"Spalding Chicago Bulls Basketball -   Size: 7,  Diameter: 74 cm",1099.0,1099.0,5.0,Sports & Fitness
Finger's USB Fan Cum Power bank Black New USB USB Fan,999.0,849.0,4.0,Computers
Leather King Adams Black Lace Up,1999.0,999.0,4.5,Footwear
Leather King Blake Black Lace Up,1999.0,999.0,4.0,Footwear
Generix HDMI Female To Female Coupler Jointer Adapter Extender Gender Changer gx-hdmi-coupler USB HDMI Connector,299.0,166.0,5.0,Computers
"Smiledrive Portable Key Chain Charger IPhone 5, 5s, 5c USB Sync & Charge Cable",899.0,699.0,5.0,Computers
DreamShop Flex Flexible Portable USB Led Light,599.0,129.0,5.0,Computers
Spalding NBA Team Toranto Raptors Basketball -   Size: 7,1099.0,999.0,5.0,Sports & Fitness
Spalding TF-150 Basketball -   Size: 7,699.0,559.0,4.4,Sports & Fitness
Kensington 33399EU USB USB Hub,699.0,549.0,4.0,Computers
Grafion Women Wedges,1449.0,529.0,5.0,Footwear
Foot Jewel Heel Brown Party Slip On Women Wedges,999.0,449.0,4.5,Footwear
Wave Walk Deuro Slip On Shoes,1958.0,699.0,4.5,Footwear
Eego Italy Sneakers,1499.0,799.0,5.0,Footwear
TeeMoods Casual Woven Women's Kurti,1499.0,349.0,5.0,Clothing
Rodid Full Sleeve Solid Men's Sweatshirt,1899.0,549.0,4.0,Clothing
Sports 52 Wear Full Sleeve Solid Men's Sweatshirt,2495.0,899.0,5.0,Clothing
Rodid Full Sleeve Solid Men's Sweatshirt,2080.0,399.0,4.3,Clothing
Sivanna Baking Powder Rouge  Highlighter,700.0,399.0,4.3,Beauty and Personal Care
Leaf Men's Solid Formal Shirt,1199.0,449.0,5.0,Clothing
Kalrav Men's Solid Formal Shirt,2650.0,650.0,5.0,Clothing
"Jorzzer Roniya Men's Solid Formal, Party, Wedding, Casual, Festive Shirt",2099.0,799.0,5.0,Clothing
Karlsburg Men's Checkered Formal Shirt,1025.0,1025.0,5.0,Clothing
Invictus Men's Striped Formal Shirt,1899.0,759.0,4.0,Clothing
Kayara Collection Men's Striped Formal Shirt,999.0,499.0,5.0,Clothing
Kraasa Men's Solid Formal Shirt,1000.0,449.0,4.8,Clothing
Indian Weller Men's Striped Formal Shirt,1699.0,764.0,4.0,Clothing
LEAF Men's Solid Formal Shirt,1199.0,499.0,4.0,Clothing
Shaun TrackPant Solid Girl's Track Pants,999.0,399.0,5.0,Clothing
"Beadworks Acrylic, Alloy Bracelet",499.0,199.0,5.0,Jewellery
Sheetalworld Microfiber Set of Towels,800.0,369.0,4.2,Home Furnishing
Riana Copper Copper Bangle,2499.0,649.0,5.0,Jewellery
BigshopOnline Cotton Bath Towel,1850.0,999.0,5.0,Home Furnishing
Trident Cotton Set of Towels,999.0,699.0,5.0,Home Furnishing
Mandhania Cotton Bath Towel,490.0,280.0,5.0,Home Furnishing
Sassoon Cotton Bath Towel,689.0,689.0,5.0,Home Furnishing
Mast & Harbour Striped Round Neck Casual Men's Sweater,1299.0,779.0,5.0,Clothing
Crunchy Fashion Alloy Bangle Set,1499.0,599.0,4.0,Jewellery
British Cross Striped Round Neck Casual Men's Sweater,1599.0,959.0,5.0,Clothing
"Alysa Alloy Pearl Yellow Gold, Rhodium Bracelet Set",1799.0,499.0,4.0,Jewellery
LukLuck Cotton Bath Towel,1299.0,599.0,5.0,Home Furnishing
Sweet Angel Printed Girl's Track Pants,1099.0,499.0,4.0,Clothing
Crazytowear Metal Bangle Set,700.0,365.0,5.0,Jewellery
"Alysa Brass, Copper Cubic Zirconia, Emerald 18K Yellow Gold, Rhodium Bangle Set",2499.0,999.0,5.0,Jewellery
Duke Striped Casual Men's Sweater,1195.0,999.0,4.0,Clothing
Soulxpressions Metal Pearl Bracelet,1099.0,385.0,5.0,Jewellery
Eprilla Solid V-neck Casual Men's Sweater,1499.0,475.0,5.0,Clothing
Bombay Dyeing Cotton Bath Towel,549.0,514.0,5.0,Home Furnishing
Raees Wayfarer Sunglasses,1199.0,249.0,5.0,Sunglasses
LGRL Women's Leggings,999.0,499.0,5.0,"LGRL Women's Leggings""]"
Tara Lifestyle Slim Fit Boy's Jeans,899.0,399.0,5.0,Clothing
ASIAN Walking Shoes,499.0,499.0,5.0,Footwear
Asian Lace Up Shoes,249.0,249.0,4.0,Footwear
Vijayanti International Shin Guard,578.0,578.0,5.0,Sports & Fitness
BelleGirl Floral Print Baby Girl's Boxer,540.0,316.0,5.0,Clothing
Rex Monk Strap,408.0,408.0,4.6,Footwear
Rex School Shoes,391.0,391.0,4.0,Footwear
Clovia Women's Full Coverage Bra,549.0,272.0,4.3,Clothing
Clovia Women's Full Coverage Bra,279.0,249.0,4.4,Clothing
mobiware mw5b mobiware ultra slim 5000mah powerbank 5000 mAh,999.0,499.0,5.0,Mobiles & Accessories
Skovin Boy School Shoes Lace Up,399.0,191.0,5.0,Footwear
mobiware mw4p mobiware 4000 mah pocket powerbank 4000 mAh,1299.0,399.0,5.0,Mobiles & Accessories
YNA Checkered Double Quilts & Comforters Red,2295.0,984.0,4.0,Home Furnishing
United Bags Pencil Pi Backpack 35 L Backpack,1499.0,599.0,4.4,"Bags, Wallets & Belts"
Sophies Shisha Assorted Hookah Flavor,700.0,700.0,5.0,Home Decor & Festive Needs
Elfani Brilliance Lip Color 3.5 g,255.0,180.0,4.5,Beauty and Personal Care
Syska Led Lights 5 W LED Bulb,325.0,150.0,5.0,Kitchen & Dining
Unnati Floral Double Top Sheet Multicolor,2997.0,999.0,5.0,Home Furnishing
Kemei Washable Body Groomer KM-6166 Trimmer For Men,895.0,449.0,4.4,Health & Personal Care Appliances
Safari Zoom 25 L small Backpack,1198.0,549.0,4.9,"Bags, Wallets & Belts"
Wipro 5 W LED 6500K Cool Day Light Bulb,375.0,265.0,4.2,Kitchen & Dining
Puma Primary 3 L Backpack,1499.0,524.0,5.0,"Bags, Wallets & Belts"
Cult Fiction Polka Print Women's Round Neck T-Shirt,699.0,699.0,4.0,Clothing
Bombay High Women's Printed Formal Shirt,1299.0,584.0,4.0,Clothing
SLB 020RP 10 L Backpack,1499.0,599.0,5.0,"Bags, Wallets & Belts"
Unnati Abstract Single Top Sheet Multicolor,1797.0,599.0,5.0,Home Furnishing
Complete Italian (Learn Italian with Teach Yourself): Enhanced eBook: New edition,425.0,425.0,5.0,eBooks
SYON Cotton Floral Double Bedsheet,999.0,499.0,5.0,Baby Care
SYON Cotton Floral Double Bedsheet,1699.0,809.0,5.0,Baby Care
SYON Cotton Floral Double Bedsheet,1599.0,719.0,5.0,Baby Care
"Aarti Collections Women's Self Design Casual, Formal Denim Light Blue Shirt",1150.0,569.0,5.0,Clothing
"Fume Men, Women Wrist Band",499.0,399.0,4.0,Clothing
Royal Men's Kurta and Churidar Set,1999.0,999.0,5.0,Clothing
Elephant Brand 3 Fold Polka Dotted Prints - Manual Open Umbrella,499.0,449.0,5.0,Tools & Hardware
Snehkriti Traditional and Ethnic Potli,150.0,95.0,4.0,"Bags, Wallets & Belts"
Mast & Harbour Skinny Fit Women's Jeans,1899.0,1044.0,5.0,Clothing
Clovia Lingerie Set,699.0,509.0,4.0,"Clovia Lingerie Set""]"
CONVENIENCE vm46 headphone for XIOMI Mi4 and Mi4i Signature vm46 Stereo Wired Headphones,399.0,249.0,5.0,Mobiles & Accessories
MUA MAKEUP ACADEMY SWEET SHEEN DUSKY ROSE,550.0,350.0,5.0,Beauty and Personal Care
Liz Lange Women's A-line Dress,1699.0,679.0,5.0,Clothing
Maggie Women's Shift Dress,2499.0,899.0,5.0,Clothing
Miss Chase Women's Sheath Dress,1549.0,929.0,4.0,Clothing
maggie Women's Empire Waist Dress,2999.0,999.0,5.0,Clothing
Isadora Women's Shift Dress,1250.0,850.0,5.0,Clothing
Miss Chase Women's Bandage Dress,1299.0,779.0,4.3,Clothing
Maggie Women's Gathered Dress,2499.0,999.0,5.0,Clothing
Miss Chase Women's Bandage Dress,1899.0,760.0,5.0,Clothing
Hugo Chavez Women's Peplum Dress,2499.0,897.0,5.0,Clothing
Latin Quarters Women's Shift Dress,1990.0,796.0,5.0,Clothing
Hugo Chavez Women's Maxi Dress,2499.0,997.0,4.2,Clothing
Ladybug Women's A-line Dress,899.0,899.0,4.0,Clothing
Maggie Women's Maxi Dress,2999.0,899.0,5.0,Clothing
Karishma Women's A-line Dress,1999.0,699.0,4.0,Clothing
Maggie Women's Shift Dress,1899.0,799.0,5.0,Clothing
Hugo Chavez Women's Bandage Dress,2499.0,797.0,5.0,Clothing
Maggie Women's A-line Dress,2599.0,999.0,5.0,Clothing
LADY STARK Women's Maxi Dress,2890.0,749.0,5.0,Clothing
Miss Chase Women's Bandage Dress,1799.0,720.0,4.0,Clothing
Legona Women's Sheath Dress,2499.0,849.0,5.0,Clothing
Karyn Women's High Low Dress,899.0,699.0,4.0,Clothing
Hugo Chavez Women's Maxi Dress,2499.0,997.0,4.5,Clothing
Miss Chase Women's A-line Dress,1599.0,959.0,5.0,Clothing
Indi Bargain Women's A-line Dress,1569.0,699.0,5.0,Clothing
Ladybug Women's A-line Dress,999.0,699.0,4.2,Clothing
Miss Chase Women's Sheath Dress,1699.0,680.0,5.0,Clothing
Kashana Fashions Women's A-line Dress,1899.0,690.0,5.0,Clothing
Hugo Chavez Women's Maxi Dress,2959.0,897.0,5.0,Clothing
Elite Collection Medium Acrylic Sticker,1299.0,999.0,4.0,Baby Care
Kielz Women Heels,1499.0,499.0,4.5,Footwear
Sindhi Footwear Ballerina Bellies,899.0,349.0,4.0,Footwear
Uberlyfe Large Vinyl Sticker,1190.0,595.0,4.0,Baby Care
We Witches Comfy Hues Women Wedges,899.0,899.0,5.0,Footwear
